node_id,neighbor_id,hop_distance,next_hop,euclidean_distance
0,1,1,1,47.793129
0,2,2,1,69.883543
0,10,1,10,75.774584
0,12,3,1,97.430341
0,11,2,1,92.575062
0,20,2,10,68.882244
0,21,2,10,89.912230
0,22,3,10,72.172698
0,3,3,10,105.880940
0,31,3,10,71.038282
0,30,3,10,60.523636
1,0,1,0,47.793129
1,2,1,2,69.883543
1,12,2,2,97.430341
1,11,1,11,92.575062
1,10,1,10,68.800350
1,3,2,2,70.027186
1,22,2,11,72.172698
1,23,3,2,71.516106
1,20,2,11,104.694451
1,21,2,11,77.279022
1,31,3,11,96.129425
1,32,3,11,104.734080
1,13,3,11,103.165331
1,30,3,11,60.523636
2,1,1,1,69.883543
2,0,2,1,47.793129
2,12,1,12,97.430341
2,3,1,3,70.027186
2,11,1,11,85.060296
2,10,2,1,68.800350
2,22,2,12,32.139100
2,23,2,12,71.516106
2,13,2,3,54.947826
2,31,3,3,96.129425
2,32,3,3,104.734080
2,21,2,11,77.279022
2,20,2,11,104.694451
2,14,3,12,104.714300
2,34,3,12,102.336179
2,24,3,12,102.289266
2,33,3,12,71.575039
2,4,3,12,84.048013
2,30,3,11,60.523636
3,2,1,2,70.027186
3,1,2,2,69.883543
3,0,3,2,47.793129
3,12,1,12,74.065322
3,22,1,22,103.476867
3,11,1,11,105.880940
3,23,2,12,71.516106
3,10,2,11,70.113671
3,13,1,13,54.947826
3,31,2,22,96.129425
3,32,2,22,104.734080
3,21,2,22,98.116791
3,20,2,11,104.694451
3,14,2,13,57.441426
3,34,3,12,102.336179
3,24,3,12,102.289266
3,33,3,12,71.575039
3,4,2,13,84.048013
3,25,3,13,107.860086
3,15,3,13,68.828136
3,5,3,13,103.769744
3,41,3,22,64.634885
3,42,3,22,93.715363
3,30,3,22,79.197638
3,52,3,22,99.275458
4,14,1,14,78.769682
4,13,1,13,84.048013
4,5,1,5,70.939140
4,22,2,13,103.165331
4,3,2,13,54.947826
4,12,2,13,86.477162
4,23,2,13,88.443256
4,2,3,13,97.430341
4,11,3,13,58.050223
4,31,3,13,96.129425
4,32,3,13,104.734080
4,21,3,13,98.116791
4,34,3,13,102.336179
4,24,2,14,68.607638
4,33,3,13,71.575039
4,25,2,14,107.860086
4,15,2,14,68.828136
4,6,2,5,45.502771
4,16,2,5,107.697894
4,26,3,5,67.948446
4,35,3,14,97.325574
4,36,3,14,103.037720
4,17,3,5,106.506164
4,7,3,5,74.287893
4,27,3,5,100.475905
5,14,1,14,103.769744
5,15,1,15,82.714511
5,4,1,4,70.939140
5,6,1,6,45.502771
5,23,2,14,104.714300
5,13,2,14,57.441426
5,24,2,14,68.607638
5,25,2,14,107.860086
5,12,3,14,71.516106
5,22,3,14,53.949465
5,3,3,14,54.947826
5,32,3,14,104.834285
5,34,3,14,102.336179
5,33,3,14,71.575039
5,16,1,16,107.697894
5,26,2,15,67.948446
5,35,3,15,97.325574
5,36,3,15,103.037720
5,17,2,6,106.506164
5,7,2,6,74.287893
5,27,2,16,100.475905
5,37,3,16,49.654603
5,28,3,16,107.525550
5,18,3,16,97.923221
5,8,3,6,107.024989
6,15,1,15,99.716256
6,5,1,5,45.502771
6,16,1,16,87.137238
6,17,1,17,106.506164
6,14,2,15,68.828136
6,24,2,15,72.358505
6,25,2,15,68.461018
6,26,2,15,67.948446
6,23,3,15,104.714300
6,13,3,15,57.441426
6,34,3,15,57.879270
6,33,3,15,102.376895
6,4,2,5,70.939140
6,35,3,15,97.325574
6,36,3,15,103.037720
6,7,1,7,74.287893
6,27,2,16,100.475905
6,37,3,16,49.654603
6,28,3,16,107.525550
6,18,2,17,97.923221
6,19,3,17,70.013515
6,29,3,17,67.383681
6,8,2,7,107.024989
6,9,3,7,63.225581
7,6,1,6,74.287893
7,16,1,16,49.265822
7,17,1,17,44.333646
7,8,1,8,107.024989
7,15,2,6,99.716256
7,5,2,6,45.502771
7,14,3,6,68.828136
7,24,3,6,72.358505
7,25,2,16,100.710956
7,26,2,16,67.749611
7,4,3,6,70.939140
7,27,2,16,100.475905
7,34,3,16,80.877078
7,35,3,16,79.135083
7,36,3,16,103.037720
7,37,3,16,49.654603
7,28,3,16,107.525550
7,18,2,17,97.923221
7,19,2,8,94.256458
7,29,3,17,67.383681
7,9,2,8,63.225581
8,19,1,19,94.256458
8,7,1,7,107.024989
8,18,1,18,74.945975
8,9,1,9,63.225581
8,28,2,19,79.748913
8,29,2,19,33.901096
8,27,3,19,107.525550
8,37,3,19,95.489555
8,38,3,19,64.129248
8,39,3,19,95.900692
8,17,2,18,97.923221
8,26,3,18,84.013690
8,16,2,7,49.265822
8,6,2,7,74.287893
8,15,3,7,99.716256
8,5,3,7,45.502771
8,25,3,7,100.710956
9,19,1,19,106.042682
9,8,1,8,63.225581
9,28,2,19,79.748913
9,29,2,19,33.901096
9,18,2,19,70.013515
9,27,3,19,107.525550
9,37,3,19,95.489555
9,38,3,19,64.129248
9,39,3,19,95.900692
9,7,2,8,107.024989
9,17,3,8,97.923221
9,16,3,8,49.265822
9,6,3,8,74.287893
10,1,1,1,68.800350
10,0,1,0,75.774584
10,2,2,1,69.883543
10,11,1,11,70.113671
10,12,2,11,58.050223
10,20,1,20,68.882244
10,21,1,21,89.912230
10,22,2,11,72.172698
10,3,2,11,105.880940
10,23,3,11,71.516106
10,31,2,21,71.038282
10,32,3,11,104.734080
10,13,3,11,103.165331
10,30,2,20,60.523636
10,41,3,21,64.634885
10,42,3,21,93.715363
10,40,3,20,98.105433
11,2,1,2,85.060296
11,1,1,1,92.575062
11,0,2,1,47.793129
11,12,1,12,58.050223
11,22,1,22,72.172698
11,3,1,3,105.880940
11,10,1,10,70.113671
11,23,2,12,71.516106
11,20,1,20,104.694451
11,21,1,21,77.279022
11,31,2,22,96.129425
11,32,2,22,104.734080
11,13,2,22,103.165331
11,30,2,20,60.523636
11,14,3,12,104.714300
11,34,3,12,102.336179
11,24,3,12,102.289266
11,33,3,12,71.575039
11,4,3,12,84.048013
11,41,3,21,64.634885
11,42,3,21,93.715363
11,52,3,22,99.275458
11,40,3,20,98.105433
12,2,1,2,97.430341
12,1,2,2,69.883543
12,0,3,2,47.793129
12,22,1,22,32.139100
12,3,1,3,74.065322
12,23,1,23,71.516106
12,11,1,11,58.050223
12,10,2,11,70.113671
12,13,1,13,86.477162
12,31,2,22,96.129425
12,32,2,22,104.734080
12,21,2,22,98.116791
12,20,2,11,104.694451
12,14,2,23,104.714300
12,34,2,23,102.336179
12,24,2,23,102.289266
12,33,2,23,71.575039
12,4,2,13,84.048013
12,25,3,13,107.860086
12,15,3,13,68.828136
12,5,3,13,103.769744
12,41,3,22,64.634885
12,42,3,22,93.715363
12,30,3,22,79.197638
12,52,3,22,99.275458
12,35,3,23,62.405569
12,44,3,23,106.327914
12,43,3,23,90.063075
12,26,3,23,87.669251
13,22,1,22,103.165331
13,3,1,3,54.947826
13,12,1,12,86.477162
13,23,1,23,88.443256
13,2,2,12,97.430341
13,1,3,12,69.883543
13,11,2,12,58.050223
13,14,1,14,57.441426
13,31,2,22,96.129425
13,32,2,22,104.734080
13,21,2,22,98.116791
13,34,2,23,102.336179
13,24,2,23,102.289266
13,33,2,23,71.575039
13,4,1,4,84.048013
13,10,3,12,70.113671
13,20,3,12,104.694451
13,25,2,14,107.860086
13,15,2,14,68.828136
13,5,2,14,103.769744
13,41,3,22,64.634885
13,42,3,22,93.715363
13,30,3,22,79.197638
13,52,3,22,99.275458
13,6,3,4,45.502771
13,16,3,4,107.697894
13,35,3,23,62.405569
13,44,3,23,106.327914
13,43,3,23,90.063075
13,26,3,23,87.669251
13,36,3,14,103.037720
14,23,1,23,104.714300
14,13,1,13,57.441426
14,24,1,24,68.607638
14,25,1,25,107.860086
14,15,1,15,68.828136
14,5,1,5,103.769744
14,12,2,23,71.516106
14,22,2,23,53.949465
14,2,3,23,97.430341
14,3,2,13,54.947826
14,11,3,23,58.050223
14,32,2,23,104.834285
14,34,2,23,102.336179
14,31,3,23,96.129425
14,21,3,23,98.116791
14,33,2,23,71.575039
14,4,1,4,78.769682
14,35,2,24,97.325574
14,26,2,24,87.669251
14,44,3,24,106.327914
14,43,3,24,90.063075
14,6,2,15,99.716256
14,16,2,15,78.142698
14,36,2,25,103.037720
14,41,3,23,81.285365
14,42,3,23,56.895739
14,52,3,23,99.275458
14,45,3,24,80.880566
14,27,3,24,82.357673
14,17,3,24,84.013690
14,7,3,15,74.287893
14,46,3,25,70.364606
14,55,3,25,103.894842
14,37,3,25,84.654023
14,47,3,25,93.260717
15,14,1,14,68.828136
15,24,1,24,72.358505
15,25,1,25,68.461018
15,5,1,5,82.714511
15,26,1,26,67.948446
15,6,1,6,99.716256
15,23,2,14,104.714300
15,13,2,14,57.441426
15,12,3,14,71.516106
15,22,3,14,53.949465
15,3,3,14,54.947826
15,32,3,14,104.834285
15,34,2,24,57.879270
15,33,2,24,102.376895
15,4,2,14,78.769682
15,35,2,24,97.325574
15,44,3,24,106.327914
15,43,3,24,90.063075
15,16,1,16,78.142698
15,36,2,25,103.037720
15,27,2,26,82.357673
15,17,2,26,84.013690
15,46,3,26,70.364606
15,45,3,26,61.880127
15,55,3,26,103.894842
15,37,3,26,84.654023
15,47,3,26,93.260717
15,7,2,6,74.287893
15,28,3,16,107.525550
15,18,3,16,97.923221
15,8,3,6,107.024989
16,25,1,25,100.710956
16,15,1,15,78.142698
16,5,1,5,107.697894
16,26,1,26,67.749611
16,27,1,27,100.475905
16,6,1,6,87.137238
16,17,1,17,31.308216
16,14,2,15,68.828136
16,24,2,15,72.358505
16,23,3,15,104.714300
16,13,3,15,57.441426
16,34,2,25,80.877078
16,33,3,15,102.376895
16,4,2,5,70.939140
16,35,2,25,79.135083
16,36,2,25,103.037720
16,44,3,25,106.327914
16,7,1,7,49.265822
16,46,3,26,70.364606
16,45,3,26,61.880127
16,55,3,26,103.894842
16,37,2,27,49.654603
16,47,3,26,93.260717
16,28,2,27,107.525550
16,18,2,17,97.923221
16,19,3,17,70.013515
16,29,3,17,67.383681
16,8,2,7,107.024989
16,9,3,7,63.225581
16,38,3,27,64.129248
16,39,3,27,95.900692
16,48,3,27,100.393339
17,26,1,26,84.013690
17,27,1,27,86.943152
17,6,1,6,106.506164
17,16,1,16,31.308216
17,7,1,7,44.333646
17,24,2,26,87.669251
17,25,2,26,37.366120
17,15,2,26,67.948446
17,36,2,26,104.822236
17,35,2,26,104.740175
17,23,3,26,102.289266
17,14,3,26,68.607638
17,34,3,26,57.879270
17,33,3,26,102.376895
17,5,2,6,45.502771
17,44,3,26,90.843019
17,46,3,26,70.364606
17,45,3,26,61.880127
17,55,3,26,103.894842
17,37,2,27,49.654603
17,47,3,26,93.260717
17,18,1,18,97.923221
17,28,2,27,107.525550
17,4,3,6,70.939140
17,19,2,18,70.013515
17,29,2,18,67.383681
17,8,2,18,74.945975
17,38,3,18,64.129248
17,39,3,18,95.900692
17,9,3,18,106.042682
17,48,3,27,100.393339
18,28,1,28,64.193119
18,19,1,19,70.013515
18,17,1,17,97.923221
18,8,1,8,74.945975
18,27,2,28,107.525550
18,37,2,28,95.489555
18,38,2,28,64.129248
18,39,2,28,95.900692
18,36,3,28,87.905868
18,26,2,17,84.013690
18,16,2,17,31.308216
18,9,2,19,106.042682
18,6,2,17,106.506164
18,7,2,17,44.333646
18,24,3,17,87.669251
18,25,3,17,37.366120
18,15,3,17,67.948446
18,35,3,17,104.740175
18,5,3,17,45.502771
18,49,3,29,65.015187
18,48,3,29,72.821310
18,47,3,28,92.394870
18,29,1,29,67.383681
19,28,1,28,79.748913
19,18,1,18,70.013515
19,8,1,8,94.256458
19,9,1,9,106.042682
19,27,2,28,107.525550
19,37,2,28,95.489555
19,38,2,28,64.129248
19,39,2,28,95.900692
19,36,3,28,87.905868
19,26,3,28,82.357673
19,16,3,28,100.475905
19,17,2,18,97.923221
19,6,3,18,106.506164
19,7,2,8,107.024989
19,49,3,29,65.015187
19,48,3,29,72.821310
19,47,3,28,92.394870
19,29,1,29,33.901096
20,11,1,11,104.694451
20,10,1,10,68.882244
20,21,1,21,59.734616
20,2,2,11,85.060296
20,1,2,11,92.575062
20,0,2,10,75.774584
20,12,2,11,58.050223
20,22,2,11,72.172698
20,3,2,11,105.880940
20,23,3,11,71.516106
20,31,2,21,71.038282
20,32,3,11,104.734080
20,13,3,11,103.165331
20,30,1,30,60.523636
20,41,2,30,92.680151
20,42,3,21,93.715363
20,40,2,30,98.105433
20,51,3,30,95.284231
20,50,3,30,97.595434
21,11,1,11,77.279022
21,22,1,22,98.116791
21,10,1,10,89.912230
21,31,1,31,71.038282
21,20,1,20,59.734616
21,12,2,22,32.139100
21,3,2,22,103.476867
21,23,2,22,53.949465
21,2,2,11,85.060296
21,32,2,22,104.734080
21,13,2,22,103.165331
21,1,2,11,92.575062
21,0,2,10,75.774584
21,30,1,30,48.785168
21,41,2,31,64.634885
21,42,2,31,93.715363
21,52,3,31,99.275458
21,33,3,31,85.408191
21,14,3,22,104.714300
21,34,3,22,102.336179
21,24,3,22,102.289266
21,4,3,22,84.048013
21,40,2,30,98.105433
21,51,3,30,95.284231
21,50,3,30,97.595434
21,43,3,31,97.455529
22,12,1,12,32.139100
22,3,1,3,103.476867
22,23,1,23,53.949465
22,11,1,11,72.172698
22,31,1,31,96.129425
22,2,2,12,97.430341
22,1,2,11,92.575062
22,32,1,32,104.734080
22,13,1,13,103.165331
22,21,1,21,98.116791
22,0,3,11,47.793129
22,10,2,11,70.113671
22,20,2,11,104.694451
22,14,2,23,104.714300
22,34,2,23,102.336179
22,24,2,23,102.289266
22,33,2,23,71.575039
22,41,2,31,64.634885
22,42,2,31,93.715363
22,30,2,31,79.197638
22,52,2,32,99.275458
22,4,2,13,84.048013
22,25,3,13,107.860086
22,15,3,13,68.828136
22,5,3,13,103.769744
22,35,3,23,62.405569
22,44,3,23,106.327914
22,43,3,23,90.063075
22,26,3,23,87.669251
22,40,3,31,76.760452
22,51,3,31,95.284231
22,50,3,31,97.595434
22,53,3,32,81.432522
22,63,3,32,97.277501
22,62,3,32,106.262455
23,12,1,12,71.516106
23,22,1,22,53.949465
23,2,2,12,97.430341
23,1,3,12,69.883543
23,3,2,12,74.065322
23,11,2,12,58.050223
23,32,1,32,104.834285
23,14,1,14,104.714300
23,13,1,13,88.443256
23,34,1,34,102.336179
23,24,1,24,102.289266
23,31,2,22,96.129425
23,21,2,22,98.116791
23,33,1,33,71.575039
23,10,3,12,70.113671
23,20,3,12,104.694451
23,41,2,32,81.285365
23,42,2,32,56.895739
23,52,2,32,99.275458
23,30,3,32,79.197638
23,4,2,13,84.048013
23,25,2,14,107.860086
23,15,2,14,68.828136
23,5,2,14,103.769744
23,35,2,34,62.405569
23,44,2,34,106.327914
23,43,2,33,90.063075
23,26,2,24,87.669251
23,36,3,34,103.037720
23,16,3,34,100.710956
23,6,3,24,99.716256
23,40,3,32,76.760452
23,51,3,32,95.284231
23,50,3,32,97.595434
23,53,3,32,81.432522
23,63,3,32,97.277501
23,62,3,32,106.262455
23,45,3,34,80.880566
23,55,3,34,102.735559
23,64,3,34,101.639859
23,54,3,34,68.497106
23,27,3,24,82.357673
23,17,3,24,84.013690
24,23,1,23,102.289266
24,14,1,14,68.607638
24,34,1,34,57.879270
24,25,1,25,54.548622
24,15,1,15,72.358505
24,33,1,33,102.376895
24,12,2,23,71.516106
24,22,2,23,53.949465
24,2,3,23,97.430341
24,3,3,23,74.065322
24,11,3,23,58.050223
24,32,2,23,104.834285
24,13,2,23,88.443256
24,31,3,23,96.129425
24,21,3,23,98.116791
24,35,1,35,97.325574
24,26,1,26,87.669251
24,5,2,14,103.769744
24,4,2,14,78.769682
24,44,2,34,106.327914
24,43,2,33,90.063075
24,41,3,33,81.285365
24,42,3,33,56.895739
24,52,3,33,99.275458
24,6,2,15,99.716256
24,16,2,15,78.142698
24,36,2,25,103.037720
24,45,2,35,80.880566
24,46,3,35,70.364606
24,27,2,26,82.357673
24,55,3,35,103.894842
24,37,3,35,84.654023
24,47,3,35,93.260717
24,17,2,26,84.013690
24,53,3,34,68.480963
24,64,3,34,101.639859
24,54,3,34,68.497106
24,63,3,33,102.654648
24,7,3,15,74.287893
24,56,3,35,71.647270
24,28,3,26,107.525550
24,18,3,26,97.923221
25,14,1,14,107.860086
25,34,1,34,80.877078
25,24,1,24,54.548622
25,15,1,15,68.461018
25,36,1,36,103.037720
25,35,1,35,79.135083
25,26,1,26,37.366120
25,23,2,14,104.714300
25,13,2,14,57.441426
25,5,2,14,103.769744
25,12,3,14,71.516106
25,22,3,14,53.949465
25,3,3,14,54.947826
25,32,3,14,104.834285
25,33,2,34,62.091809
25,4,2,14,78.769682
25,44,2,34,106.327914
25,43,3,24,90.063075
25,16,1,16,100.710956
25,6,2,15,99.716256
25,46,2,36,70.364606
25,27,2,36,87.905868
25,45,2,36,61.880127
25,55,2,36,103.894842
25,37,2,36,84.654023
25,47,2,36,93.260717
25,17,2,26,84.013690
25,53,3,34,68.480963
25,64,3,34,101.639859
25,54,3,34,68.497106
25,7,2,16,49.265822
25,28,3,16,107.525550
25,18,3,16,97.923221
25,57,3,36,82.280863
25,56,3,36,57.831072
25,65,3,36,76.592720
25,66,3,36,88.723025
25,48,3,36,100.393339
25,38,3,36,74.112102
25,58,3,36,83.351667
25,8,3,16,107.024989
26,24,1,24,87.669251
26,25,1,25,37.366120
26,15,1,15,67.948446
26,36,1,36,104.822236
26,35,1,35,104.740175
26,27,1,27,82.357673
26,23,2,24,102.289266
26,14,2,24,68.607638
26,34,2,24,57.879270
26,33,2,24,102.376895
26,12,3,24,71.516106
26,22,3,24,53.949465
26,32,3,24,104.834285
26,13,3,24,88.443256
26,5,2,15,82.714511
26,4,3,24,78.769682
26,44,2,35,90.843019
26,43,3,24,90.063075
26,16,1,16,67.749611
26,17,1,17,84.013690
26,6,2,15,99.716256
26,46,2,36,70.364606
26,45,2,36,61.880127
26,55,2,36,103.894842
26,37,2,36,84.654023
26,47,2,36,93.260717
26,28,2,27,107.525550
26,7,2,16,49.265822
26,18,2,17,97.923221
26,19,3,17,70.013515
26,29,3,17,67.383681
26,8,3,17,74.945975
26,57,3,36,82.280863
26,56,3,36,57.831072
26,54,3,36,90.057372
26,64,3,36,82.620448
26,65,3,36,76.592720
26,66,3,36,88.723025
26,48,3,36,100.393339
26,38,3,36,74.112102
26,58,3,36,83.351667
26,53,3,35,68.480963
26,39,3,27,95.900692
27,36,1,36,87.905868
27,26,1,26,82.357673
27,28,1,28,107.525550
27,37,1,37,49.654603
27,16,1,16,100.475905
27,17,1,17,86.943152
27,25,2,36,103.037720
27,35,2,36,68.591370
27,46,2,36,70.364606
27,45,2,36,61.880127
27,55,2,36,103.894842
27,47,2,36,93.260717
27,14,3,36,107.860086
27,34,3,36,80.877078
27,24,2,26,87.669251
27,15,2,26,67.948446
27,23,3,26,102.289266
27,33,3,26,102.376895
27,5,2,16,107.697894
27,44,3,26,90.843019
27,6,2,16,87.137238
27,19,2,28,79.748913
27,29,2,28,49.677638
27,38,2,28,64.129248
27,18,2,28,64.193119
27,39,2,28,95.900692
27,48,2,37,100.393339
27,4,3,16,70.939140
27,7,2,16,49.265822
27,57,3,37,60.614601
27,58,3,37,51.880832
27,49,3,37,74.919357
27,8,3,17,74.945975
27,56,3,36,57.831072
27,54,3,36,90.057372
27,64,3,36,82.620448
27,65,3,36,76.592720
27,66,3,36,88.723025
27,9,3,28,106.042682
28,27,1,27,107.525550
28,37,1,37,95.489555
28,19,1,19,79.748913
28,38,1,38,64.129248
28,18,1,18,64.193119
28,39,1,39,95.900692
28,36,2,27,87.905868
28,26,2,27,82.357673
28,16,2,27,100.475905
28,17,2,27,86.943152
28,25,3,27,103.037720
28,35,3,27,68.591370
28,46,3,27,70.364606
28,45,3,27,61.880127
28,55,3,27,103.894842
28,47,2,37,92.394870
28,24,3,27,87.669251
28,15,3,27,67.948446
28,48,2,37,100.393339
28,8,2,19,94.256458
28,9,2,19,106.042682
28,57,3,37,60.614601
28,58,3,37,51.880832
28,49,2,39,65.015187
28,6,3,18,106.506164
28,7,3,18,44.333646
28,5,3,27,107.697894
28,56,3,37,80.996489
28,59,3,39,81.205937
28,29,1,29,49.677638
29,18,1,18,67.383681
29,19,1,19,33.901096
29,28,1,28,49.677638
29,39,1,39,96.529788
29,38,1,38,105.330827
29,17,2,18,97.923221
29,8,2,18,74.945975
29,27,2,28,107.525550
29,37,2,38,74.112102
29,26,3,18,84.013690
29,16,3,18,31.308216
29,9,2,19,106.042682
29,6,3,18,106.506164
29,7,3,18,44.333646
29,49,2,39,65.015187
29,48,2,38,72.821310
29,58,3,39,98.279732
29,59,3,39,81.205937
29,36,3,38,84.654023
29,47,3,38,92.394870
29,57,3,38,60.614601
30,31,1,31,79.197638
30,20,1,20,60.523636
30,21,1,21,48.785168
30,41,1,41,92.680151
30,40,1,40,98.105433
30,11,2,20,104.694451
30,10,2,20,68.882244
30,2,3,20,85.060296
30,1,3,20,92.575062
30,0,3,20,75.774584
30,12,3,20,58.050223
30,22,2,31,96.129425
30,3,3,20,105.880940
30,32,2,31,51.284559
30,42,2,31,93.715363
30,23,3,31,53.949465
30,13,3,31,103.165331
30,52,3,31,99.275458
30,33,3,31,85.408191
30,51,2,41,95.284231
30,50,2,41,97.595434
30,43,3,41,97.455529
30,60,3,41,82.789267
30,61,3,41,60.247275
31,22,1,22,96.129425
31,32,1,32,51.284559
31,21,1,21,71.038282
31,41,1,41,64.634885
31,42,1,42,93.715363
31,12,2,22,32.139100
31,3,2,22,103.476867
31,23,2,22,53.949465
31,11,2,22,72.172698
31,2,3,22,97.430341
31,13,2,22,103.165331
31,30,1,30,79.197638
31,52,2,32,99.275458
31,33,2,32,85.408191
31,14,3,32,104.714300
31,34,3,32,102.336179
31,24,3,32,102.289266
31,10,2,21,89.912230
31,20,2,21,59.734616
31,1,3,21,92.575062
31,0,3,21,75.774584
31,40,2,41,76.760452
31,51,2,41,95.284231
31,50,2,41,97.595434
31,43,2,42,97.455529
31,53,3,42,81.432522
31,63,3,42,97.277501
31,62,3,42,106.262455
31,4,3,22,84.048013
31,60,3,41,82.789267
31,61,3,41,60.247275
31,54,3,42,98.203213
31,44,3,42,40.265548
32,22,1,22,104.734080
32,23,1,23,104.834285
32,31,1,31,51.284559
32,41,1,41,81.285365
32,42,1,42,56.895739
32,12,2,22,32.139100
32,3,2,22,103.476867
32,11,2,22,72.172698
32,2,3,22,97.430341
32,13,2,22,103.165331
32,21,2,22,98.116791
32,52,1,52,99.275458
32,33,1,33,85.408191
32,14,2,23,104.714300
32,34,2,23,102.336179
32,24,2,23,102.289266
32,30,2,31,79.197638
32,43,2,33,90.063075
32,25,3,33,80.877078
32,35,3,33,62.405569
32,44,3,33,106.327914
32,40,2,41,76.760452
32,51,2,41,95.284231
32,50,2,41,97.595434
32,53,2,52,81.432522
32,63,2,52,97.277501
32,62,2,52,106.262455
32,1,3,22,92.575062
32,10,3,22,70.113671
32,20,3,22,104.694451
32,4,3,22,84.048013
32,15,3,33,72.358505
32,26,3,33,87.669251
32,5,3,23,103.769744
32,54,3,33,98.203213
32,60,3,41,82.789267
32,61,3,41,60.247275
32,64,3,52,88.033765
32,73,3,52,103.153355
32,71,3,52,96.061234
32,72,3,52,67.799862
33,23,1,23,71.575039
33,32,1,32,85.408191
33,34,1,34,62.091809
33,24,1,24,102.376895
33,12,2,23,71.516106
33,22,2,23,53.949465
33,2,3,23,97.430341
33,3,3,23,74.065322
33,11,3,23,58.050223
33,14,2,23,104.714300
33,13,2,23,88.443256
33,31,2,32,51.284559
33,21,3,23,98.116791
33,43,1,43,90.063075
33,41,2,32,81.285365
33,42,2,32,56.895739
33,52,2,32,99.275458
33,30,3,32,79.197638
33,25,2,34,80.877078
33,35,2,34,62.405569
33,44,2,34,106.327914
33,15,2,24,72.358505
33,26,2,24,87.669251
33,5,3,24,103.769744
33,4,3,24,78.769682
33,36,3,34,103.037720
33,16,3,34,100.710956
33,6,3,24,99.716256
33,53,2,43,58.582693
33,63,2,43,102.654648
33,54,2,43,98.203213
33,51,3,43,94.798145
33,62,3,43,106.262455
33,64,3,43,88.033765
33,40,3,32,76.760452
33,50,3,32,97.595434
33,45,3,34,80.880566
33,55,3,34,102.735559
33,27,3,24,82.357673
33,17,3,24,84.013690
33,73,3,43,103.153355
33,56,3,43,93.961234
33,65,3,43,83.469103
34,23,1,23,102.336179
34,24,1,24,57.879270
34,25,1,25,80.877078
34,33,1,33,62.091809
34,12,2,23,71.516106
34,22,2,23,53.949465
34,2,3,23,97.430341
34,3,3,23,74.065322
34,11,3,23,58.050223
34,32,2,23,104.834285
34,14,2,23,104.714300
34,13,2,23,88.443256
34,31,3,23,96.129425
34,21,3,23,98.116791
34,35,1,35,62.405569
34,44,1,44,106.327914
34,43,2,33,90.063075
34,41,3,33,81.285365
34,42,3,33,56.895739
34,52,3,33,99.275458
34,15,2,24,72.358505
34,26,2,24,87.669251
34,5,3,24,103.769744
34,4,3,24,78.769682
34,36,2,25,103.037720
34,16,2,25,100.710956
34,6,3,25,99.716256
34,45,2,35,80.880566
34,46,3,35,70.364606
34,27,3,35,87.905868
34,55,2,44,102.735559
34,37,3,35,84.654023
34,47,3,35,93.260717
34,17,3,35,84.013690
34,53,2,44,68.480963
34,64,2,44,101.639859
34,54,2,44,68.497106
34,63,3,44,44.469268
34,62,3,44,98.959049
34,56,3,44,93.961234
34,65,3,44,83.469103
34,74,3,44,88.315488
34,75,3,44,95.701308
34,66,3,44,99.306031
34,7,3,25,49.265822
35,34,1,34,62.405569
35,24,1,24,97.325574
35,25,1,25,79.135083
35,36,1,36,68.591370
35,26,1,26,104.740175
35,45,1,45,80.880566
35,44,1,44,90.843019
35,23,2,34,102.336179
35,33,2,34,62.091809
35,12,3,34,71.516106
35,22,3,34,53.949465
35,32,3,34,104.834285
35,14,2,24,68.607638
35,13,3,34,88.443256
35,15,2,24,72.358505
35,5,3,24,103.769744
35,4,3,24,78.769682
35,43,2,44,40.265548
35,16,2,25,100.710956
35,6,3,25,99.716256
35,46,2,36,70.364606
35,27,2,36,87.905868
35,55,2,36,103.894842
35,37,2,36,84.654023
35,47,2,36,93.260717
35,17,2,26,84.013690
35,53,2,44,68.480963
35,64,2,44,101.639859
35,54,2,44,68.497106
35,52,3,44,81.432522
35,63,3,44,44.469268
35,62,3,44,98.959049
35,42,3,44,97.455529
35,56,2,45,71.647270
35,57,3,45,82.280863
35,65,3,45,83.469103
35,66,3,45,88.723025
35,74,3,44,88.315488
35,75,3,44,95.701308
35,7,3,25,49.265822
35,28,3,36,107.525550
35,48,3,36,100.393339
35,38,3,36,74.112102
35,58,3,36,83.351667
35,18,3,26,97.923221
35,67,3,45,106.004677
36,25,1,25,103.037720
36,35,1,35,68.591370
36,26,1,26,104.822236
36,46,1,46,70.364606
36,27,1,27,87.905868
36,45,1,45,61.880127
36,55,1,55,103.894842
36,37,1,37,84.654023
36,47,1,47,93.260717
36,14,2,25,107.860086
36,34,2,25,80.877078
36,24,2,25,54.548622
36,15,2,25,68.461018
36,23,3,25,104.714300
36,13,3,25,57.441426
36,5,3,25,103.769744
36,33,3,25,62.091809
36,4,3,25,78.769682
36,44,2,35,90.843019
36,16,2,25,100.710956
36,6,3,25,99.716256
36,17,2,26,84.013690
36,57,2,46,82.280863
36,56,2,46,57.831072
36,28,2,27,107.525550
36,54,2,45,90.057372
36,53,3,45,68.480963
36,43,3,45,40.265548
36,64,2,55,82.620448
36,63,3,45,94.662135
36,65,2,55,76.592720
36,66,2,55,88.723025
36,74,3,55,88.315488
36,75,3,55,95.701308
36,48,2,37,100.393339
36,38,2,37,74.112102
36,19,3,37,79.748913
36,29,3,37,49.677638
36,18,3,37,64.193119
36,39,3,37,95.900692
36,58,2,47,83.351667
36,49,3,37,74.919357
36,67,3,47,76.262948
36,7,3,25,49.265822
36,76,3,55,99.370516
36,68,3,47,85.661946
36,69,3,47,95.536915
37,36,1,36,84.654023
37,27,1,27,49.654603
37,28,1,28,95.489555
37,47,1,47,92.394870
37,48,1,48,100.393339
37,25,2,36,103.037720
37,35,2,36,68.591370
37,26,2,36,104.822236
37,46,2,36,70.364606
37,45,2,36,61.880127
37,55,2,36,103.894842
37,14,3,36,107.860086
37,34,3,36,80.877078
37,24,3,36,54.548622
37,15,3,36,68.461018
37,16,2,27,100.475905
37,38,1,38,74.112102
37,44,3,36,90.843019
37,17,2,27,86.943152
37,19,2,28,79.748913
37,29,2,28,49.677638
37,18,2,28,64.193119
37,39,2,28,95.900692
37,57,2,48,60.614601
37,58,2,48,51.880832
37,49,2,48,74.919357
37,56,2,47,80.996489
37,67,3,48,76.262948
37,54,3,47,90.057372
37,64,3,47,82.620448
37,65,3,47,76.592720
37,66,3,47,88.723025
37,5,3,27,107.697894
37,6,3,27,87.137238
37,7,3,27,49.265822
37,8,3,28,94.256458
37,9,3,28,106.042682
37,68,3,48,85.661946
37,69,3,48,95.536915
37,59,3,48,81.205937
38,28,1,28,64.129248
38,37,1,37,74.112102
38,48,1,48,72.821310
38,39,1,39,83.921213
38,27,2,28,107.525550
38,19,2,28,79.748913
38,18,2,28,64.193119
38,36,2,37,84.654023
38,26,3,28,82.357673
38,16,3,28,100.475905
38,17,3,28,86.943152
38,49,1,49,77.169205
38,47,2,37,92.394870
38,25,3,37,103.037720
38,35,3,37,68.591370
38,46,3,37,70.364606
38,45,3,37,61.880127
38,55,3,37,103.894842
38,57,2,48,60.614601
38,58,2,48,51.880832
38,56,3,48,89.350951
38,67,3,48,76.262948
38,8,3,29,94.256458
38,9,3,29,106.042682
38,59,2,49,81.205937
38,68,3,49,85.661946
38,69,3,49,95.536915
38,29,1,29,105.330827
39,28,1,28,95.900692
39,38,1,38,83.921213
39,27,2,28,107.525550
39,37,2,28,95.489555
39,19,2,28,79.748913
39,18,2,28,64.193119
39,36,3,28,87.905868
39,26,3,28,82.357673
39,16,3,28,100.475905
39,17,3,28,86.943152
39,49,1,49,65.015187
39,8,3,29,94.256458
39,9,3,29,106.042682
39,48,2,38,72.821310
39,47,3,38,92.394870
39,57,3,38,60.614601
39,58,2,49,98.279732
39,59,2,49,81.205937
39,67,3,49,82.184832
39,68,3,49,85.661946
39,69,3,49,95.536915
39,29,1,29,96.529788
40,41,1,41,76.760452
40,30,1,30,98.105433
40,50,1,50,81.291410
40,31,2,41,64.634885
40,32,2,41,81.285365
40,42,2,41,79.247792
40,51,2,41,95.284231
40,22,3,41,96.129425
40,21,2,30,48.785168
40,23,3,41,104.834285
40,52,3,41,99.275458
40,33,3,41,85.408191
40,43,3,41,97.455529
40,20,2,30,60.523636
40,11,3,30,104.694451
40,10,3,30,68.882244
40,60,2,50,53.543956
40,61,2,50,90.443608
40,71,3,50,102.267753
40,70,3,50,74.556043
40,62,3,50,84.969551
40,72,3,50,85.901289
41,31,1,31,64.634885
41,32,1,32,81.285365
41,42,1,42,79.247792
41,40,1,40,76.760452
41,30,1,30,92.680151
41,51,1,51,95.284231
41,50,1,50,97.595434
41,22,2,31,96.129425
41,21,2,31,71.038282
41,12,3,31,32.139100
41,3,3,31,103.476867
41,23,2,32,104.834285
41,11,3,31,72.172698
41,13,3,31,103.165331
41,52,2,32,99.275458
41,33,2,32,85.408191
41,14,3,32,104.714300
41,34,3,32,102.336179
41,24,3,32,102.289266
41,43,2,42,97.455529
41,53,3,42,81.432522
41,63,3,42,97.277501
41,62,3,42,106.262455
41,20,2,30,60.523636
41,10,3,30,68.882244
41,60,2,51,82.789267
41,61,2,51,60.247275
41,71,3,50,102.267753
41,70,3,50,74.556043
41,54,3,42,98.203213
41,44,3,42,40.265548
41,72,3,51,85.901289
42,31,1,31,93.715363
42,32,1,32,56.895739
42,41,1,41,79.247792
42,52,1,52,43.866308
42,51,1,51,94.798145
42,43,1,43,97.455529
42,22,2,31,96.129425
42,21,2,31,71.038282
42,12,3,31,32.139100
42,3,3,31,103.476867
42,23,2,32,104.834285
42,11,3,31,72.172698
42,13,3,31,103.165331
42,30,2,31,79.197638
42,33,2,32,85.408191
42,14,3,32,104.714300
42,34,3,32,102.336179
42,24,3,32,102.289266
42,40,2,41,76.760452
42,50,2,41,97.595434
42,53,2,52,81.432522
42,63,2,52,97.277501
42,62,2,52,106.262455
42,60,2,51,82.789267
42,61,2,51,60.247275
42,54,2,43,98.203213
42,44,2,43,40.265548
42,64,3,43,88.033765
42,10,3,31,89.912230
42,20,3,31,59.734616
42,73,3,52,103.153355
42,71,3,52,96.061234
42,72,3,52,67.799862
42,70,3,51,74.556043
42,35,3,43,90.843019
42,45,3,43,98.260199
42,55,3,43,102.735559
42,56,3,43,93.961234
42,65,3,43,83.469103
43,42,1,42,97.455529
43,52,1,52,85.346689
43,33,1,33,90.063075
43,53,1,53,58.582693
43,63,1,63,102.654648
43,54,1,54,98.203213
43,44,1,44,40.265548
43,23,2,33,71.575039
43,32,2,33,85.408191
43,34,2,33,62.091809
43,24,2,33,102.376895
43,12,3,33,71.516106
43,22,3,33,53.949465
43,14,3,33,104.714300
43,13,3,33,88.443256
43,31,2,42,93.715363
43,41,2,42,79.247792
43,25,3,33,80.877078
43,35,2,44,90.843019
43,51,2,42,94.798145
43,21,3,42,71.038282
43,30,3,42,79.197638
43,40,3,42,76.760452
43,50,3,42,97.595434
43,62,2,52,106.262455
43,15,3,33,72.358505
43,26,3,33,87.669251
43,64,2,53,88.033765
43,73,2,63,103.153355
43,45,2,44,98.260199
43,55,2,44,102.735559
43,36,3,44,68.591370
43,56,2,54,93.961234
43,65,2,54,83.469103
43,74,3,63,88.315488
43,75,3,63,95.701308
43,66,3,63,99.306031
43,46,3,44,47.898556
43,47,3,44,89.913899
43,60,3,42,82.789267
43,61,3,42,60.247275
43,71,3,52,96.061234
43,72,3,52,67.799862
43,83,3,63,32.917712
43,82,3,63,85.416680
43,84,3,63,91.359281
43,57,3,54,89.350951
43,67,3,54,106.004677
44,34,1,34,106.327914
44,35,1,35,90.843019
44,53,1,53,68.480963
44,43,1,43,40.265548
44,64,1,64,101.639859
44,45,1,45,98.260199
44,54,1,54,68.497106
44,55,1,55,102.735559
44,23,2,34,102.336179
44,24,2,34,57.879270
44,25,2,34,80.877078
44,33,2,34,62.091809
44,12,3,34,71.516106
44,22,3,34,53.949465
44,32,3,34,104.834285
44,14,3,34,104.714300
44,13,3,34,88.443256
44,15,3,34,72.358505
44,26,2,35,104.740175
44,36,2,35,68.591370
44,16,3,34,100.710956
44,46,2,45,47.898556
44,27,3,35,87.905868
44,37,3,35,84.654023
44,47,2,45,89.913899
44,17,3,35,84.013690
44,52,2,53,81.432522
44,63,2,53,44.469268
44,62,2,53,98.959049
44,42,2,43,97.455529
44,51,3,53,84.487608
44,31,3,43,93.715363
44,41,3,43,79.247792
44,56,2,54,93.961234
44,65,2,54,83.469103
44,73,3,54,103.153355
44,74,2,64,88.315488
44,75,2,64,95.701308
44,66,2,64,99.306031
44,57,3,45,82.280863
44,71,3,53,96.061234
44,61,3,53,84.969551
44,72,3,53,67.799862
44,67,3,54,106.004677
44,85,3,64,89.736676
44,83,3,64,73.760156
44,84,3,64,61.013227
44,76,3,64,100.797180
44,48,3,45,68.468276
44,58,3,45,83.351667
45,36,1,36,61.880127
45,35,1,35,80.880566
45,46,1,46,47.898556
45,54,1,54,90.057372
45,55,1,55,43.400889
45,44,1,44,98.260199
45,56,1,56,71.647270
45,47,1,47,89.913899
45,25,2,36,103.037720
45,26,2,36,104.822236
45,27,2,36,87.905868
45,37,2,36,84.654023
45,14,3,36,107.860086
45,34,2,35,62.405569
45,24,2,35,97.325574
45,15,3,36,68.461018
45,16,3,36,100.710956
45,23,3,35,102.336179
45,33,3,35,62.091809
45,17,3,36,84.013690
45,57,2,46,82.280863
45,53,2,44,68.480963
45,43,2,44,40.265548
45,64,2,44,101.639859
45,52,3,44,81.432522
45,63,2,54,94.662135
45,62,3,44,98.959049
45,42,3,44,97.455529
45,65,2,54,83.469103
45,73,3,54,103.153355
45,66,2,55,88.723025
45,74,3,55,88.315488
45,75,3,55,95.701308
45,48,2,47,68.468276
45,58,2,47,83.351667
45,28,3,47,95.489555
45,38,3,47,74.112102
45,67,2,56,106.004677
45,49,3,47,74.919357
45,76,3,55,99.370516
45,68,3,47,85.661946
45,69,3,47,95.536915
45,77,3,56,51.042375
46,36,1,36,70.364606
46,45,1,45,47.898556
46,55,1,55,60.288896
46,57,1,57,82.280863
46,56,1,56,57.831072
46,47,1,47,42.466770
46,25,2,36,103.037720
46,35,2,36,68.591370
46,26,2,36,104.822236
46,27,2,36,87.905868
46,37,2,36,84.654023
46,14,3,36,107.860086
46,34,3,36,80.877078
46,24,3,36,54.548622
46,15,3,36,68.461018
46,16,3,36,100.710956
46,44,2,45,98.260199
46,17,3,36,84.013690
46,54,2,45,90.057372
46,53,3,45,68.480963
46,43,3,45,40.265548
46,64,2,55,82.620448
46,63,3,45,94.662135
46,65,2,55,76.592720
46,66,2,55,88.723025
46,74,3,55,88.315488
46,75,3,55,95.701308
46,48,2,57,60.614601
46,67,2,57,76.262948
46,58,2,57,40.630463
46,28,3,47,95.489555
46,38,3,47,74.112102
46,49,3,47,74.919357
46,76,3,55,99.370516
46,68,3,57,90.285131
46,77,3,57,51.042375
46,69,3,57,95.536915
47,36,1,36,93.260717
47,46,1,46,42.466770
47,45,1,45,89.913899
47,55,1,55,98.389021
47,37,1,37,92.394870
47,57,1,57,50.003713
47,56,1,56,80.996489
47,48,1,48,68.468276
47,25,2,36,103.037720
47,35,2,36,68.591370
47,26,2,36,104.822236
47,27,2,36,87.905868
47,14,3,36,107.860086
47,34,3,36,80.877078
47,24,3,36,54.548622
47,15,3,36,68.461018
47,16,3,36,100.710956
47,44,2,45,98.260199
47,17,3,36,84.013690
47,58,1,58,83.351667
47,54,2,45,90.057372
47,53,3,45,68.480963
47,43,3,45,40.265548
47,64,2,55,82.620448
47,63,3,45,94.662135
47,65,2,55,76.592720
47,66,2,55,88.723025
47,74,3,55,88.315488
47,75,3,55,95.701308
47,28,2,37,95.489555
47,38,2,37,74.112102
47,19,3,37,79.748913
47,29,3,37,49.677638
47,18,3,37,64.193119
47,39,3,37,95.900692
47,67,2,57,76.262948
47,49,2,48,74.919357
47,68,2,58,85.661946
47,69,2,58,95.536915
47,76,3,58,94.073491
47,77,3,58,51.042375
47,78,3,58,73.562040
47,79,3,58,88.642823
47,59,3,58,89.287373
48,37,1,37,100.393339
48,57,1,57,60.614601
48,47,1,47,68.468276
48,38,1,38,72.821310
48,58,1,58,51.880832
48,49,1,49,74.919357
48,36,2,37,84.654023
48,27,2,37,49.654603
48,28,2,37,95.489555
48,25,3,37,103.037720
48,35,3,37,68.591370
48,26,3,37,104.822236
48,46,2,57,82.280863
48,45,2,47,89.913899
48,55,2,47,98.389021
48,16,3,37,100.475905
48,17,3,37,86.943152
48,19,3,37,79.748913
48,29,2,38,105.330827
48,18,3,37,64.193119
48,39,2,38,83.921213
48,56,2,57,89.350951
48,67,2,57,76.262948
48,44,3,47,98.260199
48,54,3,47,90.057372
48,64,3,47,82.620448
48,65,3,47,76.592720
48,66,3,47,88.723025
48,68,2,58,85.661946
48,69,2,58,95.536915
48,76,3,58,94.073491
48,77,3,58,51.042375
48,78,3,58,73.562040
48,79,3,58,88.642823
48,59,2,49,81.205937
49,48,1,48,74.919357
49,38,1,38,77.169205
49,39,1,39,65.015187
49,58,1,58,98.279732
49,59,1,59,81.205937
49,37,2,48,100.393339
49,57,2,48,60.614601
49,47,2,48,68.468276
49,36,3,48,84.654023
49,27,3,48,49.654603
49,28,2,39,95.900692
49,46,3,48,82.280863
49,56,3,48,89.350951
49,67,2,58,82.184832
49,45,3,48,89.913899
49,55,3,48,98.389021
49,29,2,39,96.529788
49,19,3,39,79.748913
49,18,3,39,64.193119
49,68,2,58,85.661946
49,69,2,58,95.536915
49,66,3,58,83.495094
49,76,3,58,94.073491
49,77,3,58,51.042375
49,78,3,58,73.562040
49,79,3,58,88.642823
50,41,1,41,97.595434
50,40,1,40,81.291410
50,51,1,51,55.097749
50,60,1,60,53.543956
50,61,1,61,90.443608
50,31,2,41,64.634885
50,32,2,41,81.285365
50,42,2,41,79.247792
50,30,2,41,92.680151
50,22,3,41,96.129425
50,21,3,41,71.038282
50,23,3,41,104.834285
50,52,2,51,84.487608
50,33,3,41,85.408191
50,43,3,41,97.455529
50,53,3,51,81.432522
50,63,3,51,97.277501
50,62,2,61,84.969551
50,71,2,60,102.267753
50,70,2,60,74.556043
50,72,2,61,85.901289
50,81,3,61,54.174596
50,80,3,61,99.560828
50,73,3,61,92.179936
50,20,3,41,60.523636
50,82,3,61,96.658314
50,91,3,61,104.724587
51,41,1,41,95.284231
51,42,1,42,94.798145
51,52,1,52,84.487608
51,50,1,50,55.097749
51,60,1,60,82.789267
51,61,1,61,60.247275
51,31,2,41,64.634885
51,32,2,41,81.285365
51,40,2,41,76.760452
51,30,2,41,92.680151
51,22,3,41,96.129425
51,21,3,41,71.038282
51,23,3,41,104.834285
51,33,3,41,85.408191
51,43,2,42,97.455529
51,53,2,52,81.432522
51,63,2,52,97.277501
51,62,2,52,106.262455
51,71,2,60,102.267753
51,70,2,60,74.556043
51,72,2,61,85.901289
51,81,3,61,54.174596
51,80,3,61,99.560828
51,73,3,61,92.179936
51,20,3,41,60.523636
51,54,3,42,98.203213
51,44,3,42,40.265548
51,64,3,52,88.033765
51,82,3,61,96.658314
51,91,3,61,104.724587
52,32,1,32,99.275458
52,42,1,42,43.866308
52,51,1,51,84.487608
52,53,1,53,81.432522
52,43,1,43,85.346689
52,63,1,63,97.277501
52,22,2,32,104.734080
52,23,2,32,104.834285
52,31,2,32,51.284559
52,41,2,32,81.285365
52,12,3,32,32.139100
52,3,3,32,103.476867
52,11,3,32,72.172698
52,13,3,32,103.165331
52,21,3,32,98.116791
52,33,2,32,85.408191
52,14,3,32,104.714300
52,34,3,32,102.336179
52,24,3,32,102.289266
52,30,3,32,79.197638
52,62,1,62,106.262455
52,40,3,42,76.760452
52,50,2,51,55.097749
52,60,2,51,82.789267
52,61,2,51,60.247275
52,64,2,53,88.033765
52,54,2,53,77.203632
52,44,2,53,68.480963
52,73,2,63,103.153355
52,45,3,63,90.057372
52,55,3,63,63.983133
52,56,3,63,93.961234
52,65,3,63,83.469103
52,74,3,63,88.315488
52,75,3,63,95.701308
52,66,3,63,99.306031
52,71,2,62,96.061234
52,72,2,62,67.799862
52,70,3,62,55.538586
52,81,3,62,54.174596
52,80,3,62,99.560828
52,83,3,62,32.917712
52,82,3,62,85.416680
52,84,3,62,91.359281
52,35,3,53,90.843019
52,91,3,62,104.724587
53,52,1,52,81.432522
53,43,1,43,58.582693
53,63,1,63,44.469268
53,64,1,64,88.033765
53,54,1,54,77.203632
53,44,1,44,68.480963
53,62,1,62,98.959049
53,32,2,52,99.275458
53,42,2,52,43.866308
53,51,2,52,84.487608
53,22,3,52,104.734080
53,23,3,52,104.834285
53,31,3,52,51.284559
53,41,3,52,81.285365
53,33,2,43,90.063075
53,34,2,44,106.327914
53,24,3,43,102.376895
53,73,2,63,103.153355
53,35,2,44,90.843019
53,45,2,44,98.260199
53,55,2,44,102.735559
53,25,3,44,80.877078
53,26,3,44,104.740175
53,36,3,44,68.591370
53,56,2,54,93.961234
53,65,2,54,83.469103
53,74,2,64,88.315488
53,75,2,64,95.701308
53,66,2,64,99.306031
53,71,2,62,96.061234
53,61,2,62,84.969551
53,72,2,62,67.799862
53,60,3,62,102.267753
53,70,3,62,55.538586
53,81,3,62,54.174596
53,80,3,62,99.560828
53,50,3,62,90.443608
53,46,3,44,47.898556
53,47,3,44,89.913899
53,83,3,62,32.917712
53,82,3,62,85.416680
53,84,3,62,91.359281
53,57,3,54,89.350951
53,67,3,54,106.004677
53,85,3,64,89.736676
53,76,3,64,100.797180
53,91,3,62,104.724587
54,53,1,53,77.203632
54,43,1,43,98.203213
54,63,1,63,94.662135
54,64,1,64,36.250701
54,45,1,45,90.057372
54,55,1,55,63.983133
54,44,1,44,68.497106
54,56,1,56,93.961234
54,65,1,65,83.469103
54,52,2,53,81.432522
54,62,2,53,98.959049
54,32,3,53,99.275458
54,42,2,43,97.455529
54,51,3,53,84.487608
54,33,2,43,90.063075
54,23,3,43,71.575039
54,34,2,44,106.327914
54,24,3,43,102.376895
54,31,3,43,93.715363
54,41,3,43,79.247792
54,73,2,63,103.153355
54,35,2,44,90.843019
54,25,3,44,80.877078
54,26,3,44,104.740175
54,36,2,45,61.880127
54,74,2,64,88.315488
54,75,2,64,95.701308
54,66,2,64,99.306031
54,46,2,45,47.898556
54,47,2,45,89.913899
54,27,3,45,87.905868
54,37,3,45,84.654023
54,57,2,56,89.350951
54,67,2,56,106.004677
54,48,3,56,60.614601
54,58,3,56,40.630463
54,85,3,65,89.736676
54,83,3,65,73.760156
54,84,3,65,61.013227
54,71,3,53,96.061234
54,61,3,53,84.969551
54,72,3,53,67.799862
54,82,3,63,85.416680
54,76,3,64,100.797180
54,68,3,56,90.285131
54,77,3,56,51.042375
55,36,1,36,103.894842
55,46,1,46,60.288896
55,64,1,64,82.620448
55,45,1,45,43.400889
55,54,1,54,63.983133
55,44,1,44,102.735559
55,56,1,56,39.718560
55,47,1,47,98.389021
55,65,1,65,76.592720
55,25,2,36,103.037720
55,35,2,36,68.591370
55,26,2,36,104.822236
55,27,2,36,87.905868
55,37,2,36,84.654023
55,14,3,36,107.860086
55,34,2,44,106.327914
55,24,3,36,54.548622
55,15,3,36,68.461018
55,16,3,36,100.710956
55,17,3,36,84.013690
55,57,2,46,82.280863
55,66,1,66,88.723025
55,53,2,44,68.480963
55,43,2,44,40.265548
55,23,3,44,102.336179
55,33,3,44,62.091809
55,52,3,44,81.432522
55,63,2,54,94.662135
55,62,3,44,98.959049
55,42,3,44,97.455529
55,73,3,54,103.153355
55,74,2,64,88.315488
55,75,2,64,95.701308
55,48,2,47,68.468276
55,58,2,47,83.351667
55,28,3,47,95.489555
55,38,3,47,74.112102
55,67,2,56,106.004677
55,49,3,47,74.919357
55,85,3,65,89.736676
55,83,3,65,73.760156
55,84,3,65,61.013227
55,76,2,66,99.370516
55,68,3,66,90.285131
55,77,3,66,51.042375
55,69,3,47,95.536915
55,86,3,66,62.928280
55,87,3,66,44.327635
56,46,1,46,57.831072
56,64,1,64,99.796162
56,45,1,45,71.647270
56,54,1,54,93.961234
56,55,1,55,39.718560
56,57,1,57,89.350951
56,47,1,47,80.996489
56,67,1,67,106.004677
56,65,1,65,63.702514
56,36,2,46,70.364606
56,25,3,46,103.037720
56,35,2,45,80.880566
56,26,3,46,104.822236
56,27,3,46,87.905868
56,37,2,47,92.394870
56,66,1,66,59.469218
56,53,2,54,77.203632
56,43,2,54,98.203213
56,63,2,54,94.662135
56,44,2,54,68.497106
56,52,3,54,81.432522
56,62,3,54,98.959049
56,42,3,54,97.455529
56,33,3,54,90.063075
56,34,3,54,106.327914
56,73,3,54,103.153355
56,74,2,64,88.315488
56,75,2,64,95.701308
56,24,3,45,97.325574
56,48,2,57,60.614601
56,58,2,57,40.630463
56,28,3,47,95.489555
56,38,3,47,74.112102
56,49,3,47,74.919357
56,68,2,67,90.285131
56,76,2,67,94.073491
56,77,2,67,51.042375
56,85,3,65,89.736676
56,83,3,65,73.760156
56,84,3,65,61.013227
56,69,3,57,95.536915
56,78,3,67,73.562040
56,79,3,67,88.642823
56,59,3,67,89.287373
56,86,3,67,62.928280
56,87,3,67,44.327635
57,46,1,46,82.280863
57,56,1,56,89.350951
57,47,1,47,50.003713
57,48,1,48,60.614601
57,67,1,67,76.262948
57,36,2,46,70.364606
57,45,2,46,47.898556
57,55,2,46,60.288896
57,25,3,46,103.037720
57,35,3,46,68.591370
57,26,3,46,104.822236
57,27,3,46,87.905868
57,37,2,48,100.393339
57,58,1,58,40.630463
57,38,2,48,72.821310
57,49,2,48,74.919357
57,28,3,48,95.489555
57,44,3,47,98.260199
57,54,2,56,93.961234
57,64,2,56,99.796162
57,65,2,56,63.702514
57,66,2,56,59.469218
57,53,3,56,77.203632
57,43,3,56,98.203213
57,63,3,56,94.662135
57,74,3,56,88.315488
57,75,3,56,95.701308
57,68,2,67,90.285131
57,76,2,67,94.073491
57,77,2,67,51.042375
57,69,2,58,95.536915
57,78,3,58,73.562040
57,79,3,58,88.642823
57,59,3,58,89.287373
57,29,3,48,105.330827
57,39,3,48,83.921213
57,85,3,67,96.020821
57,86,3,67,62.928280
57,87,3,67,44.327635
58,57,1,57,40.630463
58,47,1,47,83.351667
58,48,1,48,51.880832
58,67,1,67,82.184832
58,68,1,68,85.661946
58,69,1,69,95.536915
58,49,1,49,98.279732
58,46,2,57,82.280863
58,56,2,57,89.350951
58,36,2,47,93.260717
58,45,2,47,89.913899
58,55,2,47,98.389021
58,37,2,48,100.393339
58,38,2,48,72.821310
58,27,3,48,49.654603
58,28,3,48,95.489555
58,25,3,47,103.037720
58,35,3,47,68.591370
58,26,3,47,104.822236
58,44,3,47,98.260199
58,54,3,47,90.057372
58,64,3,47,82.620448
58,65,3,47,76.592720
58,66,2,67,83.495094
58,76,2,67,94.073491
58,77,2,67,51.042375
58,75,3,67,78.862310
58,78,2,68,73.562040
58,79,2,68,88.642823
58,59,2,68,89.287373
58,88,3,69,89.075053
58,89,3,69,53.879356
58,39,2,49,65.015187
58,29,3,49,96.529788
58,87,3,69,83.631424
58,85,3,67,96.020821
58,86,3,67,62.928280
59,68,1,68,89.287373
59,69,1,69,59.817084
59,49,1,49,81.205937
59,67,2,68,90.285131
59,58,2,68,85.661946
59,78,2,68,73.562040
59,77,2,68,74.350188
59,79,2,68,88.642823
59,57,3,68,76.262948
59,56,3,68,106.004677
59,66,3,68,83.495094
59,76,3,68,94.073491
59,47,3,68,83.351667
59,48,2,49,74.919357
59,88,3,69,89.075053
59,89,3,69,53.879356
59,38,2,49,77.169205
59,39,2,49,65.015187
59,37,3,49,100.393339
59,28,3,49,95.900692
59,29,3,49,96.529788
59,87,3,69,83.631424
60,51,1,51,82.789267
60,50,1,50,53.543956
60,71,1,71,102.267753
60,61,1,61,77.693148
60,70,1,70,74.556043
60,41,2,51,95.284231
60,42,2,51,94.798145
60,52,2,51,84.487608
60,31,3,51,64.634885
60,32,3,51,81.285365
60,40,2,50,81.291410
60,30,3,51,92.680151
60,43,3,51,97.455529
60,53,3,51,81.432522
60,63,3,51,97.277501
60,62,2,71,96.061234
60,81,2,71,54.174596
60,80,2,71,99.560828
60,72,2,71,51.887911
60,73,3,71,92.179936
60,82,3,71,94.029300
60,90,3,71,78.355226
60,91,3,71,64.066299
60,92,3,71,98.184857
61,51,1,51,60.247275
61,50,1,50,90.443608
61,60,1,60,77.693148
61,71,1,71,57.023534
61,70,1,70,82.459301
61,62,1,62,84.969551
61,72,1,72,85.901289
61,41,2,51,95.284231
61,42,2,51,94.798145
61,52,2,51,84.487608
61,31,3,51,64.634885
61,32,3,51,81.285365
61,40,2,50,81.291410
61,30,3,51,92.680151
61,43,3,51,97.455529
61,53,2,62,98.959049
61,63,2,62,61.774573
61,81,2,71,54.174596
61,80,2,71,99.560828
61,73,2,62,92.179936
61,64,3,62,88.033765
61,54,3,62,77.203632
61,44,3,62,68.480963
61,74,3,62,74.054282
61,83,3,62,32.917712
61,82,2,72,96.658314
61,84,3,62,91.359281
61,91,2,72,104.724587
61,92,3,72,98.184857
61,90,3,72,90.701550
61,93,3,72,98.840269
62,52,1,52,106.262455
62,53,1,53,98.959049
62,63,1,63,61.774573
62,71,1,71,96.061234
62,61,1,61,84.969551
62,73,1,73,92.179936
62,32,2,52,99.275458
62,42,2,52,43.866308
62,51,2,52,84.487608
62,43,2,52,85.346689
62,22,3,52,104.734080
62,23,3,52,104.834285
62,31,3,52,51.284559
62,41,3,52,81.285365
62,33,3,52,85.408191
62,72,1,72,67.799862
62,64,2,53,88.033765
62,54,2,53,77.203632
62,44,2,53,68.480963
62,60,2,71,102.267753
62,70,2,71,55.538586
62,81,2,71,54.174596
62,80,2,71,99.560828
62,50,2,61,90.443608
62,40,3,61,81.291410
62,45,3,63,90.057372
62,55,3,63,63.983133
62,56,3,63,93.961234
62,65,3,63,83.469103
62,74,2,73,74.054282
62,75,3,63,95.701308
62,66,3,63,99.306031
62,83,2,73,32.917712
62,82,2,73,85.416680
62,84,2,73,91.359281
62,85,3,73,89.736676
62,91,2,72,104.724587
62,92,3,72,98.184857
62,90,3,72,90.701550
62,34,3,53,106.327914
62,35,3,53,90.843019
62,93,3,73,98.840269
62,95,3,73,70.302951
62,94,3,73,82.307676
63,52,1,52,97.277501
63,53,1,53,44.469268
63,43,1,43,102.654648
63,64,1,64,87.262150
63,54,1,54,94.662135
63,62,1,62,61.774573
63,73,1,73,103.153355
63,32,2,52,99.275458
63,42,2,52,43.866308
63,51,2,52,84.487608
63,22,3,52,104.734080
63,23,3,52,104.834285
63,31,3,52,51.284559
63,41,3,52,81.285365
63,33,2,43,90.063075
63,44,2,53,68.480963
63,34,3,43,62.091809
63,24,3,43,102.376895
63,45,2,54,90.057372
63,55,2,54,63.983133
63,56,2,54,93.961234
63,65,2,54,83.469103
63,35,3,54,90.843019
63,74,2,64,88.315488
63,75,2,64,95.701308
63,66,2,64,99.306031
63,71,2,62,96.061234
63,61,2,62,84.969551
63,72,2,62,67.799862
63,60,3,62,102.267753
63,70,3,62,55.538586
63,81,3,62,54.174596
63,80,3,62,99.560828
63,50,3,62,90.443608
63,36,3,54,61.880127
63,46,3,54,47.898556
63,47,3,54,89.913899
63,83,2,73,32.917712
63,82,2,73,85.416680
63,84,2,73,91.359281
63,85,3,73,89.736676
63,57,3,54,89.350951
63,67,3,54,106.004677
63,76,3,64,100.797180
63,91,3,62,104.724587
63,92,3,73,38.066836
63,93,3,73,98.840269
63,95,3,73,70.302951
63,94,3,73,82.307676
64,53,1,53,88.033765
64,63,1,63,87.262150
64,54,1,54,36.250701
64,55,1,55,82.620448
64,44,1,44,101.639859
64,74,1,74,88.315488
64,56,1,56,99.796162
64,65,1,65,64.391839
64,52,2,53,81.432522
64,43,2,53,58.582693
64,62,2,53,98.959049
64,32,3,53,99.275458
64,42,3,53,43.866308
64,51,3,53,84.487608
64,75,1,75,95.701308
64,33,3,53,90.063075
64,66,1,66,99.306031
64,73,2,63,103.153355
64,34,2,44,106.327914
64,35,2,44,90.843019
64,45,2,44,98.260199
64,23,3,44,102.336179
64,24,3,44,57.879270
64,25,3,44,80.877078
64,26,3,44,104.740175
64,36,2,55,103.894842
64,46,2,55,60.288896
64,47,2,55,98.389021
64,27,3,55,87.905868
64,37,3,55,84.654023
64,57,2,56,89.350951
64,85,2,74,89.736676
64,83,2,74,73.760156
64,84,2,74,61.013227
64,72,3,74,97.610684
64,82,3,74,85.416680
64,67,2,56,106.004677
64,48,3,56,60.614601
64,58,3,56,40.630463
64,71,3,53,96.061234
64,61,3,53,84.969551
64,76,2,75,100.797180
64,86,3,75,84.827706
64,95,3,75,49.679738
64,96,3,75,102.521412
64,94,3,75,99.672645
64,68,3,66,90.285131
64,77,3,66,51.042375
64,93,3,75,106.691376
64,87,3,75,44.327635
65,64,1,64,64.391839
65,54,1,54,83.469103
65,55,1,55,76.592720
65,74,1,74,94.318647
65,56,1,56,63.702514
65,75,1,75,66.453769
65,66,1,66,35.318638
65,53,2,54,77.203632
65,43,2,54,98.203213
65,63,2,54,94.662135
65,45,2,54,90.057372
65,44,2,54,68.497106
65,52,3,54,81.432522
65,62,3,54,98.959049
65,42,3,54,97.455529
65,33,3,54,90.063075
65,34,3,54,106.327914
65,73,2,74,74.054282
65,35,3,54,90.843019
65,36,2,55,103.894842
65,46,2,55,60.288896
65,47,2,55,98.389021
65,25,3,55,103.037720
65,26,3,55,104.822236
65,27,3,55,87.905868
65,37,3,55,84.654023
65,57,2,56,89.350951
65,85,2,74,89.736676
65,83,2,74,73.760156
65,84,2,74,61.013227
65,72,3,74,97.610684
65,82,3,74,85.416680
65,67,2,56,106.004677
65,48,3,56,60.614601
65,58,3,56,40.630463
65,76,2,75,100.797180
65,86,3,75,84.827706
65,95,3,75,49.679738
65,96,3,75,102.521412
65,94,3,75,99.672645
65,68,3,66,90.285131
65,77,3,66,51.042375
65,93,3,75,106.691376
65,87,3,75,44.327635
66,64,1,64,99.306031
66,55,1,55,88.723025
66,56,1,56,59.469218
66,67,1,67,83.495094
66,65,1,65,35.318638
66,75,1,75,78.862310
66,76,1,76,99.370516
66,53,2,64,88.033765
66,63,2,64,87.262150
66,54,2,64,36.250701
66,44,2,64,101.639859
66,74,2,64,88.315488
66,52,3,64,81.432522
66,43,3,64,58.582693
66,62,3,64,98.959049
66,73,3,64,103.153355
66,34,3,64,106.327914
66,35,3,64,90.843019
66,45,2,55,43.400889
66,36,2,55,103.894842
66,46,2,55,60.288896
66,47,2,55,98.389021
66,25,3,55,103.037720
66,26,3,55,104.822236
66,27,3,55,87.905868
66,37,3,55,84.654023
66,57,2,56,89.350951
66,48,3,56,60.614601
66,58,2,67,82.184832
66,68,2,67,90.285131
66,77,2,67,51.042375
66,85,2,75,71.690575
66,83,3,65,73.760156
66,84,2,75,76.603616
66,86,2,76,62.928280
66,95,3,75,49.679738
66,96,3,75,102.521412
66,94,3,75,99.672645
66,87,2,76,44.327635
66,93,3,75,106.691376
66,97,3,76,76.461095
66,69,3,67,95.536915
66,49,3,67,98.279732
66,78,3,67,73.562040
66,79,3,67,88.642823
66,59,3,67,89.287373
66,88,3,76,90.533533
67,57,1,57,76.262948
67,56,1,56,106.004677
67,66,1,66,83.495094
67,58,1,58,82.184832
67,68,1,68,90.285131
67,76,1,76,94.073491
67,77,1,77,51.042375
67,46,2,57,82.280863
67,47,2,57,50.003713
67,48,2,57,60.614601
67,36,3,57,70.364606
67,45,2,56,71.647270
67,55,2,56,39.718560
67,64,2,56,99.796162
67,54,2,56,93.961234
67,65,2,56,63.702514
67,35,3,56,80.880566
67,37,3,56,92.394870
67,53,3,56,77.203632
67,43,3,56,98.203213
67,63,3,56,94.662135
67,44,3,56,68.497106
67,74,3,56,88.315488
67,75,2,66,78.862310
67,85,2,76,96.020821
67,84,3,66,76.603616
67,69,2,58,95.536915
67,49,2,58,98.279732
67,38,3,58,72.821310
67,78,2,68,73.562040
67,79,2,68,88.642823
67,59,2,68,89.287373
67,86,2,76,62.928280
67,95,3,76,49.679738
67,96,3,76,102.521412
67,94,3,76,99.672645
67,87,2,76,44.327635
67,97,3,76,76.461095
67,88,3,77,89.075053
67,89,3,77,53.879356
67,39,3,58,65.015187
68,67,1,67,90.285131
68,58,1,58,85.661946
68,78,1,78,73.562040
68,69,1,69,32.466305
68,77,1,77,74.350188
68,79,1,79,88.642823
68,59,1,59,89.287373
68,57,2,67,76.262948
68,56,2,67,106.004677
68,66,2,67,83.495094
68,76,2,67,94.073491
68,46,3,67,82.280863
68,47,2,58,83.351667
68,48,2,58,51.880832
68,45,3,67,71.647270
68,55,3,67,39.718560
68,64,3,67,99.796162
68,54,3,67,93.961234
68,65,3,67,63.702514
68,75,3,67,78.862310
68,49,2,58,98.279732
68,36,3,58,93.260717
68,37,3,58,100.393339
68,38,3,58,72.821310
68,88,2,78,89.075053
68,89,2,78,53.879356
68,87,2,77,83.631424
68,85,3,77,96.020821
68,86,3,77,62.928280
68,39,3,59,65.015187
68,97,3,79,87.175568
68,98,3,79,63.285778
68,99,3,79,81.280030
68,96,3,77,90.063562
69,58,1,58,95.536915
69,68,1,68,32.466305
69,78,1,78,89.258141
69,77,1,77,106.615708
69,79,1,79,91.450821
69,59,1,59,59.817084
69,57,2,58,40.630463
69,47,2,58,83.351667
69,48,2,58,51.880832
69,67,2,58,82.184832
69,49,2,58,98.279732
69,46,3,58,82.280863
69,56,3,58,89.350951
69,36,3,58,93.260717
69,45,3,58,89.913899
69,55,3,58,98.389021
69,37,3,58,100.393339
69,38,3,58,72.821310
69,66,3,58,83.495094
69,76,2,77,79.925303
69,88,2,78,89.075053
69,89,2,78,53.879356
69,87,2,77,83.631424
69,75,3,77,100.797180
69,85,3,77,96.020821
69,86,3,77,62.928280
69,39,3,59,65.015187
69,97,3,79,87.175568
69,98,3,79,63.285778
69,99,3,79,81.280030
69,96,3,77,90.063562
70,60,1,60,74.556043
70,71,1,71,55.538586
70,61,1,61,82.459301
70,81,1,81,88.050499
70,80,1,80,66.529253
70,72,1,72,106.071750
70,51,2,60,82.789267
70,50,2,60,53.543956
70,41,3,60,95.284231
70,42,3,60,94.798145
70,52,3,60,84.487608
70,40,3,60,81.291410
70,62,2,71,96.061234
70,53,3,71,98.959049
70,63,3,71,61.774573
70,73,2,72,97.610684
70,90,2,80,78.355226
70,91,2,81,64.066299
70,92,2,81,98.184857
70,82,2,81,94.029300
70,74,3,72,74.054282
70,83,3,72,32.917712
70,84,3,72,91.359281
70,93,3,81,100.622376
71,60,1,60,102.267753
71,61,1,61,57.023534
71,70,1,70,55.538586
71,62,1,62,96.061234
71,81,1,81,54.174596
71,80,1,80,99.560828
71,72,1,72,51.887911
71,51,2,60,82.789267
71,50,2,60,53.543956
71,41,3,60,95.284231
71,42,3,60,94.798145
71,52,2,62,106.262455
71,40,3,60,81.291410
71,53,2,62,98.959049
71,63,2,62,61.774573
71,73,2,62,92.179936
71,32,3,62,99.275458
71,43,3,62,85.346689
71,64,3,62,88.033765
71,54,3,62,77.203632
71,44,3,62,68.480963
71,74,3,62,74.054282
71,83,3,62,32.917712
71,82,2,81,94.029300
71,84,3,62,91.359281
71,90,2,80,78.355226
71,91,2,81,64.066299
71,92,2,81,98.184857
71,93,3,81,100.622376
72,71,1,71,51.887911
72,61,1,61,85.901289
72,70,1,70,106.071750
72,62,1,62,67.799862
72,73,1,73,97.610684
72,81,1,81,49.040076
72,91,1,91,104.724587
72,82,1,82,96.658314
72,60,2,71,102.267753
72,80,2,71,99.560828
72,51,2,61,60.247275
72,50,2,61,90.443608
72,41,3,61,95.284231
72,42,3,61,94.798145
72,52,2,62,106.262455
72,40,3,61,81.291410
72,53,2,62,98.959049
72,63,2,62,61.774573
72,32,3,62,99.275458
72,43,3,62,85.346689
72,64,3,62,88.033765
72,54,3,62,77.203632
72,44,3,62,68.480963
72,74,2,73,74.054282
72,83,2,73,32.917712
72,84,2,73,91.359281
72,65,3,73,94.318647
72,75,3,73,49.078571
72,85,3,73,89.736676
72,92,2,81,98.184857
72,90,2,91,90.701550
72,93,2,82,98.840269
72,95,3,82,102.342496
72,94,3,82,39.788345
73,63,1,63,103.153355
73,62,1,62,92.179936
73,74,1,74,74.054282
73,72,1,72,97.610684
73,83,1,83,32.917712
73,82,1,82,85.416680
73,52,2,63,97.277501
73,53,2,63,44.469268
73,43,2,63,102.654648
73,64,2,63,87.262150
73,54,2,63,94.662135
73,32,3,63,99.275458
73,42,3,63,43.866308
73,51,3,63,84.487608
73,33,3,63,90.063075
73,44,3,63,68.480963
73,84,1,84,91.359281
73,45,3,63,90.057372
73,55,3,63,63.983133
73,56,3,63,93.961234
73,65,2,74,94.318647
73,75,2,74,49.078571
73,66,3,63,99.306031
73,71,2,62,96.061234
73,61,2,62,84.969551
73,60,3,62,102.267753
73,70,2,72,106.071750
73,81,2,72,49.040076
73,80,3,62,99.560828
73,50,3,62,90.443608
73,85,2,74,89.736676
73,91,2,72,104.724587
73,92,2,82,38.066836
73,90,3,72,90.701550
73,93,2,82,98.840269
73,95,2,84,70.302951
73,94,2,84,82.307676
73,76,3,84,96.020821
73,86,3,84,84.827706
73,96,3,84,102.521412
74,64,1,64,88.315488
74,73,1,73,74.054282
74,85,1,85,89.736676
74,65,1,65,94.318647
74,83,1,83,73.760156
74,75,1,75,49.078571
74,84,1,84,61.013227
74,53,2,64,88.033765
74,63,2,64,87.262150
74,54,2,64,36.250701
74,55,2,64,82.620448
74,44,2,64,101.639859
74,56,2,64,99.796162
74,52,3,64,81.432522
74,43,3,64,58.582693
74,62,2,73,92.179936
74,66,2,64,99.306031
74,34,3,64,106.327914
74,35,3,64,90.843019
74,45,3,64,98.260199
74,36,3,64,103.894842
74,46,3,64,60.288896
74,47,3,64,98.389021
74,72,2,73,97.610684
74,82,2,73,85.416680
74,71,3,73,96.061234
74,61,3,73,84.969551
74,76,2,85,96.020821
74,86,2,85,84.827706
74,95,2,85,49.679738
74,96,2,85,102.521412
74,94,2,85,99.672645
74,57,3,65,89.350951
74,67,3,65,106.004677
74,81,3,83,94.029300
74,91,3,83,80.011790
74,92,3,83,38.066836
74,93,2,84,106.691376
74,77,3,75,79.925303
74,87,3,75,44.327635
74,70,3,73,106.071750
74,97,3,85,76.461095
75,64,1,64,95.701308
75,74,1,74,49.078571
75,85,1,85,71.690575
75,65,1,65,66.453769
75,66,1,66,78.862310
75,84,1,84,76.603616
75,76,1,76,100.797180
75,53,2,64,88.033765
75,63,2,64,87.262150
75,54,2,64,36.250701
75,55,2,64,82.620448
75,44,2,64,101.639859
75,56,2,64,99.796162
75,52,3,64,81.432522
75,43,3,64,58.582693
75,62,3,64,98.959049
75,73,2,74,74.054282
75,34,3,64,106.327914
75,35,3,64,90.843019
75,45,3,64,98.260199
75,36,3,64,103.894842
75,46,3,64,60.288896
75,47,3,64,98.389021
75,83,2,74,73.760156
75,72,3,74,97.610684
75,82,3,74,85.416680
75,86,2,85,84.827706
75,95,2,85,49.679738
75,96,2,85,102.521412
75,94,2,85,99.672645
75,57,3,65,89.350951
75,67,2,66,83.495094
75,58,3,66,82.184832
75,68,3,66,90.285131
75,77,2,76,79.925303
75,93,2,84,106.691376
75,92,3,84,100.622376
75,87,2,76,44.327635
75,97,3,76,76.461095
75,78,3,76,78.425758
75,69,3,76,106.615708
75,88,3,76,90.533533
76,67,1,67,94.073491
76,85,1,85,96.020821
76,75,1,75,100.797180
76,66,1,66,99.370516
76,86,1,86,62.928280
76,77,1,77,79.925303
76,57,2,67,76.262948
76,56,2,67,106.004677
76,58,2,67,82.184832
76,68,2,67,90.285131
76,46,3,67,82.280863
76,47,3,67,50.003713
76,48,3,67,60.614601
76,45,3,67,71.647270
76,55,2,66,88.723025
76,64,2,75,95.701308
76,54,3,67,93.961234
76,65,2,75,66.453769
76,74,2,85,89.736676
76,84,2,85,52.605208
76,95,2,85,49.679738
76,96,2,85,102.521412
76,73,3,85,74.054282
76,83,3,85,73.760156
76,94,2,85,99.672645
76,87,1,87,44.327635
76,53,3,75,88.033765
76,63,3,75,87.262150
76,44,3,75,101.639859
76,36,3,66,103.894842
76,93,3,75,106.691376
76,97,2,86,76.461095
76,78,2,77,78.425758
76,69,2,77,106.615708
76,79,3,77,88.642823
76,59,3,77,89.287373
76,88,2,87,90.533533
76,89,3,77,53.879356
76,49,3,67,98.279732
76,98,3,87,78.288022
76,99,3,87,81.280030
77,67,1,67,51.042375
77,68,1,68,74.350188
77,76,1,76,79.925303
77,78,1,78,78.425758
77,69,1,69,106.615708
77,57,2,67,76.262948
77,56,2,67,106.004677
77,66,2,67,83.495094
77,58,2,67,82.184832
77,46,3,67,82.280863
77,47,3,67,50.003713
77,48,3,67,60.614601
77,45,3,67,71.647270
77,55,3,67,39.718560
77,64,3,67,99.796162
77,54,3,67,93.961234
77,65,3,67,63.702514
77,87,1,87,83.631424
77,75,2,76,100.797180
77,79,2,68,88.642823
77,59,2,68,89.287373
77,49,3,68,98.279732
77,85,2,76,96.020821
77,86,2,76,62.928280
77,74,3,76,89.736676
77,84,3,76,52.605208
77,95,3,76,49.679738
77,96,2,87,90.063562
77,94,3,76,99.672645
77,88,2,78,89.075053
77,89,2,78,53.879356
77,97,2,87,93.018103
77,98,3,87,78.288022
77,99,3,87,81.280030
78,68,1,68,73.562040
78,69,1,69,89.258141
78,77,1,77,78.425758
78,79,1,79,36.544471
78,88,1,88,89.075053
78,89,1,89,53.879356
78,67,2,68,90.285131
78,58,2,68,85.661946
78,59,2,68,89.287373
78,57,3,68,76.262948
78,56,3,68,106.004677
78,66,3,68,83.495094
78,76,2,77,79.925303
78,47,3,68,83.351667
78,48,3,68,51.880832
78,49,3,68,98.279732
78,87,2,77,83.631424
78,75,3,77,100.797180
78,85,3,77,96.020821
78,86,3,77,62.928280
78,97,2,88,87.175568
78,98,2,88,63.285778
78,99,2,88,81.280030
78,96,3,88,53.920556
79,68,1,68,88.642823
79,78,1,78,36.544471
79,69,1,69,91.450821
79,88,1,88,104.037690
79,89,1,89,47.379075
79,67,2,68,90.285131
79,58,2,68,85.661946
79,77,2,68,74.350188
79,59,2,68,89.287373
79,57,3,68,76.262948
79,56,3,68,106.004677
79,66,3,68,83.495094
79,76,3,68,94.073491
79,47,3,68,83.351667
79,48,3,68,51.880832
79,49,3,68,98.279732
79,87,2,88,90.533533
79,97,2,88,87.175568
79,98,2,88,63.285778
79,99,2,88,81.280030
79,86,3,88,76.461095
79,96,3,88,53.920556
80,71,1,71,99.560828
80,70,1,70,66.529253
80,81,1,81,93.420892
80,90,1,90,78.355226
80,60,2,71,102.267753
80,61,2,71,57.023534
80,62,2,71,96.061234
80,72,2,71,51.887911
80,51,3,71,82.789267
80,50,3,71,53.543956
80,52,3,71,106.262455
80,53,3,71,98.959049
80,63,3,71,61.774573
80,73,3,71,92.179936
80,91,2,81,64.066299
80,92,2,81,98.184857
80,82,2,81,94.029300
80,93,3,81,100.622376
80,83,3,81,73.611720
81,71,1,71,54.174596
81,70,1,70,88.050499
81,80,1,80,93.420892
81,91,1,91,64.066299
81,92,1,92,98.184857
81,72,1,72,49.040076
81,82,1,82,94.029300
81,60,2,71,102.267753
81,61,2,71,57.023534
81,62,2,71,96.061234
81,51,3,71,82.789267
81,50,3,71,53.543956
81,52,3,71,106.262455
81,53,3,71,98.959049
81,63,3,71,61.774573
81,73,2,72,97.610684
81,90,2,80,78.355226
81,93,2,92,100.622376
81,74,3,72,74.054282
81,83,2,82,73.611720
81,84,3,72,91.359281
81,95,3,82,102.342496
81,94,3,82,39.788345
82,73,1,73,85.416680
82,81,1,81,94.029300
82,91,1,91,80.011790
82,92,1,92,38.066836
82,72,1,72,96.658314
82,83,1,83,73.611720
82,93,1,93,98.840269
82,63,2,73,103.153355
82,62,2,73,92.179936
82,74,2,73,74.054282
82,52,3,73,97.277501
82,53,3,73,44.469268
82,43,3,73,102.654648
82,64,3,73,87.262150
82,54,3,73,94.662135
82,84,2,73,91.359281
82,71,2,81,54.174596
82,61,2,72,85.901289
82,65,3,73,94.318647
82,75,3,73,49.078571
82,85,3,73,89.736676
82,70,2,81,88.050499
82,80,2,81,93.420892
82,60,3,81,102.267753
82,90,2,91,90.701550
82,51,3,72,60.247275
82,50,3,72,90.443608
82,95,2,93,102.342496
82,94,2,93,39.788345
82,86,3,93,95.671541
82,96,3,93,87.039063
83,73,1,73,32.917712
83,74,1,74,73.760156
83,82,1,82,73.611720
83,84,1,84,67.090555
83,63,2,73,103.153355
83,62,2,73,92.179936
83,72,2,73,97.610684
83,52,3,73,97.277501
83,53,3,73,44.469268
83,43,3,73,102.654648
83,64,2,74,88.315488
83,54,3,73,94.662135
83,71,3,73,96.061234
83,61,3,73,84.969551
83,85,2,74,89.736676
83,65,2,74,94.318647
83,75,2,74,49.078571
83,55,3,74,82.620448
83,44,3,74,101.639859
83,56,3,74,99.796162
83,66,3,74,99.306031
83,81,2,82,94.029300
83,91,2,82,80.011790
83,92,2,82,38.066836
83,93,2,82,98.840269
83,70,3,82,88.050499
83,80,3,82,93.420892
83,90,3,82,90.701550
83,95,2,84,70.302951
83,94,2,84,82.307676
83,76,3,84,96.020821
83,86,3,84,84.827706
83,96,3,84,102.521412
84,73,1,73,91.359281
84,74,1,74,61.013227
84,85,1,85,52.605208
84,83,1,83,67.090555
84,75,1,75,76.603616
84,93,1,93,106.691376
84,95,1,95,70.302951
84,63,2,73,103.153355
84,62,2,73,92.179936
84,72,2,73,97.610684
84,82,2,73,85.416680
84,52,3,73,97.277501
84,53,3,73,44.469268
84,43,3,73,102.654648
84,64,2,74,88.315488
84,54,3,73,94.662135
84,71,3,73,96.061234
84,61,3,73,84.969551
84,65,2,74,94.318647
84,55,3,74,82.620448
84,44,3,74,101.639859
84,56,3,74,99.796162
84,66,2,75,78.862310
84,94,1,94,82.307676
84,76,2,85,96.020821
84,86,2,85,84.827706
84,96,2,85,102.521412
84,92,2,93,100.622376
84,81,3,93,98.184857
84,91,3,93,57.990279
84,67,3,75,83.495094
84,77,3,75,79.925303
84,87,3,75,44.327635
84,97,3,95,76.461095
84,70,3,73,106.071750
85,74,1,74,89.736676
85,75,1,75,71.690575
85,84,1,84,52.605208
85,76,1,76,96.020821
85,86,1,86,84.827706
85,95,1,95,49.679738
85,96,1,96,102.521412
85,64,2,74,88.315488
85,73,2,74,74.054282
85,65,2,74,94.318647
85,83,2,74,73.760156
85,53,3,74,88.033765
85,63,3,74,87.262150
85,54,3,74,36.250701
85,55,3,74,82.620448
85,44,3,74,101.639859
85,56,3,74,99.796162
85,62,3,74,92.179936
85,66,2,75,78.862310
85,72,3,74,97.610684
85,82,3,74,85.416680
85,94,1,94,99.672645
85,93,2,84,106.691376
85,92,3,84,100.622376
85,67,2,76,94.073491
85,77,2,76,79.925303
85,57,3,76,76.262948
85,58,3,76,82.184832
85,68,3,76,90.285131
85,87,2,76,44.327635
85,97,2,86,76.461095
85,88,3,96,87.175568
85,98,3,96,78.288022
85,78,3,76,78.425758
85,69,3,76,106.615708
86,85,1,85,84.827706
86,76,1,76,62.928280
86,95,1,95,95.671541
86,96,1,96,49.287775
86,97,1,97,76.461095
86,74,2,85,89.736676
86,75,2,85,71.690575
86,84,2,85,52.605208
86,64,3,85,88.315488
86,73,3,85,74.054282
86,65,3,85,94.318647
86,83,3,85,73.760156
86,94,2,85,99.672645
86,87,1,87,46.661372
86,67,2,76,94.073491
86,66,2,76,99.370516
86,77,2,76,79.925303
86,57,3,76,76.262948
86,56,3,76,106.004677
86,58,3,76,82.184832
86,68,3,76,90.285131
86,55,3,76,88.723025
86,93,2,95,102.342496
86,92,3,95,100.622376
86,82,3,95,98.840269
86,88,2,97,87.175568
86,98,2,97,78.288022
86,78,3,97,89.075053
86,79,3,97,104.037690
86,89,3,97,62.920349
86,99,3,97,81.280030
86,69,3,87,106.615708
87,76,1,76,44.327635
87,86,1,86,46.661372
87,77,1,77,83.631424
87,96,1,96,90.063562
87,97,1,97,93.018103
87,88,1,88,90.533533
87,67,2,76,94.073491
87,85,2,76,96.020821
87,75,2,76,100.797180
87,66,2,76,99.370516
87,57,3,76,76.262948
87,56,3,76,106.004677
87,58,3,76,82.184832
87,68,2,77,74.350188
87,55,3,76,88.723025
87,64,3,76,95.701308
87,65,3,76,66.453769
87,74,3,76,89.736676
87,84,3,76,52.605208
87,95,2,86,95.671541
87,94,3,76,99.672645
87,78,2,77,78.425758
87,69,2,77,106.615708
87,79,2,88,104.037690
87,59,3,77,89.287373
87,89,2,88,62.920349
87,93,3,96,102.342496
87,98,2,97,78.288022
87,99,2,88,81.280030
88,78,1,78,89.075053
88,79,1,79,104.037690
88,97,1,97,87.175568
88,87,1,87,90.533533
88,89,1,89,62.920349
88,98,1,98,63.285778
88,68,2,78,73.562040
88,69,2,78,89.258141
88,77,2,78,78.425758
88,67,3,78,90.285131
88,58,3,78,85.661946
88,59,3,78,89.287373
88,99,1,99,81.280030
88,76,2,87,44.327635
88,86,2,97,76.461095
88,96,2,97,53.920556
88,85,3,97,84.827706
88,95,3,97,95.671541
88,75,3,87,100.797180
88,66,3,87,99.370516
89,78,1,78,53.879356
89,79,1,79,47.379075
89,88,1,88,62.920349
89,68,2,78,73.562040
89,69,2,78,89.258141
89,77,2,78,78.425758
89,67,3,78,90.285131
89,58,3,78,85.661946
89,59,3,78,89.287373
89,99,1,99,72.137224
89,76,3,78,79.925303
89,87,2,88,90.533533
89,97,2,88,87.175568
89,98,2,88,63.285778
89,86,3,88,76.461095
89,96,3,88,53.920556
90,80,1,80,78.355226
90,91,1,91,90.701550
90,71,2,80,99.560828
90,70,2,80,66.529253
90,81,2,80,93.420892
90,60,3,80,102.267753
90,61,3,80,57.023534
90,62,3,80,96.061234
90,72,2,91,104.724587
90,92,2,91,57.990279
90,82,2,91,80.011790
90,93,3,91,100.622376
90,73,3,91,97.610684
90,83,3,91,73.611720
91,81,1,81,64.066299
91,92,1,92,57.990279
91,90,1,90,90.701550
91,72,1,72,104.724587
91,82,1,82,80.011790
91,71,2,81,54.174596
91,70,2,81,88.050499
91,80,2,81,93.420892
91,60,3,81,102.267753
91,61,2,72,85.901289
91,62,2,72,67.799862
91,93,2,92,100.622376
91,73,2,72,97.610684
91,51,3,72,60.247275
91,50,3,72,90.443608
91,52,3,72,106.262455
91,53,3,72,98.959049
91,63,3,72,61.774573
91,74,3,72,74.054282
91,83,2,82,73.611720
91,84,3,72,91.359281
91,95,3,82,102.342496
91,94,3,82,39.788345
92,81,1,81,98.184857
92,91,1,91,57.990279
92,82,1,82,38.066836
92,93,1,93,100.622376
92,71,2,81,54.174596
92,70,2,81,88.050499
92,80,2,81,93.420892
92,72,2,81,49.040076
92,60,3,81,102.267753
92,61,3,81,57.023534
92,62,3,81,96.061234
92,90,2,91,90.701550
92,73,2,82,85.416680
92,83,2,82,73.611720
92,63,3,82,103.153355
92,74,3,82,74.054282
92,84,2,93,106.691376
92,95,2,93,102.342496
92,94,2,93,39.788345
92,85,3,93,52.605208
92,75,3,93,76.603616
92,86,3,93,95.671541
92,96,3,93,87.039063
93,92,1,92,100.622376
93,82,1,82,98.840269
93,84,1,84,106.691376
93,95,1,95,102.342496
93,94,1,94,39.788345
93,81,2,92,98.184857
93,91,2,92,57.990279
93,71,3,92,54.174596
93,70,3,92,88.050499
93,80,3,92,93.420892
93,72,2,82,96.658314
93,90,3,92,90.701550
93,73,2,82,85.416680
93,83,2,82,73.611720
93,63,3,82,103.153355
93,62,3,82,92.179936
93,74,2,84,61.013227
93,61,3,82,85.901289
93,85,2,84,52.605208
93,75,2,84,76.603616
93,64,3,84,88.315488
93,65,3,84,94.318647
93,66,3,84,78.862310
93,76,3,84,96.020821
93,86,2,95,95.671541
93,96,2,95,87.039063
93,97,3,95,76.461095
93,87,3,95,46.661372
94,85,1,85,99.672645
94,93,1,93,39.788345
94,84,1,84,82.307676
94,95,1,95,62.707677
94,74,2,85,89.736676
94,75,2,85,71.690575
94,76,2,85,96.020821
94,86,2,85,84.827706
94,96,2,85,102.521412
94,64,3,85,88.315488
94,73,2,84,91.359281
94,65,3,85,94.318647
94,83,2,84,67.090555
94,92,2,93,100.622376
94,82,2,93,98.840269
94,81,3,93,98.184857
94,91,3,93,57.990279
94,72,3,93,96.658314
94,63,3,84,103.153355
94,62,3,84,92.179936
94,66,3,84,78.862310
94,97,3,95,76.461095
94,87,3,95,46.661372
94,67,3,85,94.073491
94,77,3,85,79.925303
95,85,1,85,49.679738
95,93,1,93,102.342496
95,84,1,84,70.302951
95,86,1,86,95.671541
95,96,1,96,87.039063
95,94,1,94,62.707677
95,74,2,85,89.736676
95,75,2,85,71.690575
95,76,2,85,96.020821
95,64,3,85,88.315488
95,73,2,84,91.359281
95,65,3,85,94.318647
95,83,2,84,67.090555
95,92,2,93,100.622376
95,82,2,93,98.840269
95,81,3,93,98.184857
95,91,3,93,57.990279
95,72,3,93,96.658314
95,63,3,84,103.153355
95,62,3,84,92.179936
95,66,3,84,78.862310
95,97,2,86,76.461095
95,87,2,86,46.661372
95,67,3,86,94.073491
95,77,3,86,79.925303
95,88,3,96,87.175568
95,98,3,96,78.288022
96,85,1,85,102.521412
96,86,1,86,49.287775
96,95,1,95,87.039063
96,97,1,97,53.920556
96,74,2,85,89.736676
96,75,2,85,71.690575
96,84,2,85,52.605208
96,76,2,85,96.020821
96,64,3,85,88.315488
96,73,3,85,74.054282
96,65,3,85,94.318647
96,83,3,85,73.760156
96,94,2,85,99.672645
96,87,1,87,90.063562
96,67,3,86,94.073491
96,66,3,86,99.370516
96,77,2,87,83.631424
96,93,2,95,102.342496
96,92,3,95,100.622376
96,82,3,95,98.840269
96,88,2,97,87.175568
96,98,2,97,78.288022
96,78,3,97,89.075053
96,79,3,97,104.037690
96,89,3,97,62.920349
96,99,3,97,81.280030
96,68,3,87,74.350188
96,69,3,87,106.615708
97,86,1,86,76.461095
97,96,1,96,53.920556
97,88,1,88,87.175568
97,87,1,87,93.018103
97,98,1,98,78.288022
97,85,2,86,84.827706
97,76,2,86,62.928280
97,95,2,86,95.671541
97,74,3,86,89.736676
97,75,3,86,71.690575
97,84,3,86,52.605208
97,94,3,86,99.672645
97,67,3,86,94.073491
97,66,3,86,99.370516
97,77,2,87,83.631424
97,93,3,96,102.342496
97,78,2,88,89.075053
97,79,2,88,104.037690
97,89,2,88,62.920349
97,68,3,88,73.562040
97,69,3,88,89.258141
97,99,2,88,81.280030
98,97,1,97,78.288022
98,88,1,88,63.285778
98,99,1,99,74.565121
98,86,2,97,76.461095
98,96,2,97,53.920556
98,87,2,97,93.018103
98,85,3,97,84.827706
98,76,3,97,62.928280
98,95,3,97,95.671541
98,78,2,88,89.075053
98,79,2,88,104.037690
98,89,2,88,62.920349
98,68,3,88,73.562040
98,69,3,88,89.258141
98,77,3,88,78.425758
99,88,1,88,81.280030
99,89,1,89,72.137224
99,98,1,98,74.565121
99,78,2,88,89.075053
99,79,2,88,104.037690
99,97,2,88,87.175568
99,87,2,88,90.533533
99,68,3,88,73.562040
99,69,3,88,89.258141
99,77,3,88,78.425758
99,86,3,88,76.461095
99,96,3,88,53.920556
99,76,3,88,44.327635
