source_id,target_id,distance
0,1,89.519261
0,2,155.626263
0,3,220.877274
0,4,313.349705
0,5,389.961395
0,6,482.231623
0,7,565.117475
0,8,636.863191
0,9,685.919966
0,10,89.405714
0,11,124.118192
0,12,167.076132
0,13,267.512971
0,14,363.973915
0,15,419.913868
0,16,510.963286
0,17,563.965703
0,18,636.980950
0,19,713.399984
0,20,186.163731
0,21,193.381411
0,22,202.025580
0,23,265.924949
0,24,360.981186
0,25,452.162666
0,26,527.544060
0,27,573.796168
0,28,645.568177
0,29,712.843132
0,30,237.877044
0,31,239.309657
0,32,260.141090
0,33,313.017756
0,34,442.557111
0,35,462.639145
0,36,571.591952
0,37,610.954779
0,38,652.030740
0,39,757.964628
0,40,275.823357
0,41,317.684021
0,42,386.153945
0,43,394.242102
0,44,431.921182
0,45,511.232933
0,46,591.822086
0,47,680.230031
0,48,713.646894
0,49,761.025985
0,50,372.926942
0,51,428.925863
0,52,455.985646
0,53,492.743003
0,54,520.823413
0,55,549.445384
0,56,634.216131
0,57,730.747699
0,58,728.859401
0,59,797.968077
0,60,469.201189
0,61,469.292776
0,62,484.554667
0,63,555.517274
0,64,552.320561
0,65,613.795128
0,66,682.023978
0,67,766.318284
0,68,818.316792
0,69,873.725136
0,70,520.066741
0,71,552.196693
0,72,570.036724
0,73,594.930460
0,74,630.195626
0,75,661.414872
0,76,765.324723
0,77,816.329700
0,78,825.842997
0,79,923.185364
0,80,618.130606
0,81,653.564216
0,82,653.721384
0,83,699.662958
0,84,716.089331
0,85,741.553231
0,86,830.865334
0,87,862.437059
0,88,924.711099
0,89,976.306584
0,90,690.750105
0,91,693.559342
0,92,723.122755
0,93,764.276519
0,94,775.550055
0,95,800.811679
0,96,860.622759
0,97,891.220671
0,98,932.073518
0,99,1040.966369
1,2,66.175481
1,3,131.846997
1,4,229.053391
1,5,304.658092
1,6,395.005490
1,7,478.699522
1,8,549.870418
1,9,597.892170
1,10,139.057137
1,11,79.041482
1,12,103.896790
1,13,191.040008
1,14,286.103605
1,15,341.293033
1,16,428.986883
1,17,480.334294
1,18,552.062141
1,19,627.192814
1,20,197.987675
1,21,188.149966
1,22,160.080218
1,23,208.421454
1,24,299.809460
1,25,381.441066
1,26,449.533934
1,27,494.735878
1,28,563.502140
1,29,630.020841
1,30,256.515753
1,31,231.753898
1,32,233.137137
1,33,265.622591
1,34,382.830521
1,35,398.952232
1,36,503.800488
1,37,537.959665
1,38,576.321263
1,39,682.105525
1,40,292.895831
1,41,319.821944
1,42,361.738538
1,43,360.604192
1,44,381.073677
1,45,455.130642
1,46,526.197072
1,47,611.786701
1,48,646.650092
1,49,687.758432
1,50,395.534901
1,51,423.641771
1,52,440.044511
1,53,463.222724
1,54,473.468399
1,55,499.402035
1,56,575.693230
1,57,669.995765
1,58,663.853047
1,59,729.538287
1,60,483.967841
1,61,472.497843
1,62,475.412609
1,63,532.482229
1,64,515.212639
1,65,571.912916
1,66,629.401473
1,67,708.861665
1,68,754.774868
1,69,810.046303
1,70,531.818978
1,71,552.143903
1,72,563.833001
1,73,574.355264
1,74,599.946131
1,75,623.644923
1,76,718.644726
1,77,766.926981
1,78,769.367056
1,79,865.157359
1,80,635.073877
1,81,655.602973
1,82,646.495390
1,83,683.115189
1,84,685.764196
1,85,707.735179
1,86,787.657865
1,87,814.519661
1,88,874.236077
1,89,922.187846
1,90,699.047194
1,91,694.711287
1,92,715.454491
1,93,752.580830
1,94,753.282794
1,95,771.000919
1,96,825.857358
1,97,847.625061
1,98,884.801315
1,99,991.377140
2,3,66.048547
2,4,168.240082
2,5,241.985545
2,6,330.273150
2,7,414.495937
2,8,485.142621
2,9,532.402735
2,10,193.147043
2,11,95.693825
2,12,87.950450
2,13,141.368976
2,14,231.373325
2,15,284.917703
2,16,368.744467
2,17,418.444017
2,18,488.946621
2,19,562.987212
2,20,226.658194
2,21,206.763004
2,22,153.233457
2,23,179.410024
2,24,261.637650
2,25,332.071483
2,26,392.727872
2,27,436.735027
2,28,502.691358
2,29,568.447292
2,30,284.614517
2,31,244.023390
2,32,230.176145
2,33,242.253346
2,34,343.583620
2,35,355.774625
2,36,455.560573
2,37,484.951360
2,38,520.789261
2,39,626.036887
2,40,317.895296
2,41,333.287295
2,42,353.324896
2,43,344.724994
2,44,349.809635
2,45,417.678882
2,46,479.612712
2,47,562.162234
2,48,598.019690
2,49,633.782240
2,50,420.273515
2,51,427.880953
2,52,435.787244
2,53,447.748299
2,54,443.155028
2,55,466.396611
2,56,534.643143
2,57,626.353730
2,58,616.762311
2,59,679.328279
2,60,501.188092
2,61,481.722229
2,62,475.458726
2,63,520.748245
2,64,492.609389
2,65,544.597330
2,66,592.718992
2,67,667.647482
2,68,708.399054
2,69,763.321678
2,70,546.006479
2,71,557.444810
2,72,564.389203
2,73,563.845288
2,74,581.539098
2,75,598.997803
2,76,686.011433
2,77,731.793795
2,78,728.585202
2,79,822.689551
2,80,651.466847
2,81,660.981039
2,82,645.124524
2,83,674.294603
2,84,666.312804
2,85,685.347309
2,86,757.283371
2,87,780.274126
2,88,837.669542
2,89,882.560896
2,90,708.511663
2,91,698.998944
2,92,712.987519
2,93,746.741283
2,94,739.419642
2,95,751.190797
2,96,801.817164
2,97,816.581286
2,98,850.690521
2,99,955.011068
3,4,107.763234
3,5,178.057416
3,6,264.475709
3,7,348.942017
3,8,419.293373
3,9,466.354299
3,10,248.706816
3,11,138.405342
3,12,107.994851
3,13,101.179530
3,14,177.211493
3,15,227.565755
3,16,306.539982
3,17,354.595769
3,18,424.048832
3,19,497.369502
3,20,261.366777
3,21,234.464254
3,22,164.375939
3,23,162.343007
3,24,226.856625
3,25,281.947864
3,26,333.807455
3,27,376.385546
3,28,439.585454
3,29,504.622656
3,30,316.004022
3,31,263.417364
3,32,236.129686
3,33,225.779295
3,34,304.652051
3,35,312.156009
3,36,405.020769
3,37,429.284089
3,38,462.459865
3,39,566.865443
3,40,345.281153
3,41,349.453695
3,42,347.225664
3,43,331.196738
3,44,319.572467
3,45,379.147686
3,46,430.573682
3,47,509.430654
3,48,546.083619
3,49,576.531836
3,50,444.669068
3,51,432.326283
3,52,431.569020
3,53,431.823617
3,54,411.794784
3,55,431.804146
3,56,490.827365
3,57,579.227825
3,58,566.254108
3,59,625.506766
3,60,516.892936
3,61,489.954100
3,62,474.719732
3,63,507.331022
3,64,468.481550
3,65,514.864881
3,66,552.872874
3,67,622.708547
3,68,658.174545
3,69,712.558726
3,70,558.077161
3,71,560.586632
3,72,562.710228
3,73,551.044494
3,74,560.490410
3,75,571.388868
3,76,649.563192
3,77,692.559073
3,78,683.759703
3,79,775.833533
3,80,664.476564
3,81,662.977160
3,82,640.548750
3,83,661.956209
3,84,643.331242
3,85,659.237724
3,86,722.652788
3,87,741.666454
3,88,796.514126
3,89,838.255831
3,90,714.132221
3,91,699.550099
3,92,706.670870
3,93,736.774098
3,94,721.465205
3,95,727.181965
3,96,773.254795
3,97,780.969824
3,98,811.894947
3,99,913.637091
4,5,76.938288
4,6,172.194935
4,7,252.608896
4,8,325.040527
4,9,376.757118
4,10,318.746797
4,11,204.538139
4,12,159.758197
4,13,65.298726
4,14,74.021592
4,15,120.214971
4,16,200.537130
4,17,251.292653
4,18,323.648742
4,19,400.412199
4,20,296.425239
4,21,262.090481
4,22,182.494526
4,23,135.803949
4,24,151.884185
4,25,179.908471
4,26,226.054988
4,27,268.998300
4,28,334.722353
4,29,400.991046
4,30,340.567496
4,31,274.167515
4,32,229.554642
4,33,183.545728
4,34,216.490293
4,35,217.174607
4,36,301.001402
4,37,322.040256
4,38,354.697103
4,39,459.197110
4,40,360.994846
4,41,346.415520
4,42,308.057387
4,43,281.214648
4,44,243.727252
4,45,288.796564
4,46,327.629587
4,47,403.428409
4,48,440.461696
4,49,468.815289
4,50,449.620020
4,51,404.962609
4,52,390.346873
4,53,372.297999
4,54,330.236765
4,55,345.285422
4,56,392.362453
4,57,477.038796
4,58,461.504916
4,59,518.755808
4,60,504.378283
4,61,466.182164
4,62,437.139321
4,63,448.954108
4,64,395.482943
4,65,433.001598
4,66,458.049680
4,67,522.236135
4,68,553.381777
4,69,607.319246
4,70,538.234786
4,71,526.260862
4,72,520.730359
4,73,492.391895
4,74,489.641092
4,75,491.346511
4,76,557.672658
4,77,597.320701
4,78,583.120406
4,79,673.214712
4,80,643.501412
4,81,624.386621
4,82,592.260955
4,83,601.699774
4,84,568.392460
4,85,579.927791
4,86,632.272213
4,87,646.808386
4,88,698.842439
4,89,737.576542
4,90,680.288948
4,91,658.021668
4,92,654.563614
4,93,678.825269
4,94,652.361430
4,95,649.848887
4,96,689.708126
4,97,689.120396
4,98,716.507277
4,99,815.381539
5,6,96.637043
5,7,175.673189
5,8,248.165841
5,9,300.496133
5,10,394.677226
5,11,280.978134
5,12,235.739202
5,13,135.662564
5,14,72.655964
5,15,76.359526
5,16,129.843150
5,17,176.580975
5,18,247.407568
5,19,323.545151
5,20,365.347229
5,21,329.823015
5,22,251.252443
5,23,193.346496
5,24,170.782317
5,25,149.616907
5,26,164.273702
5,27,202.372637
5,28,261.613643
5,29,326.623397
5,30,404.998276
5,31,335.609152
5,32,286.175414
5,33,225.074530
5,34,208.690403
5,35,198.171239
5,36,257.057421
5,37,265.448031
5,38,291.526174
5,39,393.379587
5,40,421.520664
5,41,398.961798
5,42,341.024519
5,43,307.806336
5,44,249.056219
5,45,271.912565
5,46,285.631629
5,47,351.048355
5,48,388.845364
5,49,406.581306
5,50,503.280569
5,51,441.703097
5,52,418.062464
5,53,385.926812
5,54,322.960037
5,55,330.954147
5,56,357.937846
5,57,433.628652
5,58,412.177899
5,59,462.386339
5,60,547.629735
5,61,503.466406
5,62,465.925090
5,63,460.876355
5,64,395.118597
5,65,421.441017
5,66,428.253206
5,67,481.671096
5,68,502.997802
5,69,555.330140
5,70,576.424542
5,71,555.106814
5,72,544.128559
5,73,502.883701
5,74,488.668765
5,75,480.416723
5,76,530.477153
5,77,564.680788
5,78,541.541356
5,79,626.986137
5,80,679.289966
5,81,648.380246
5,82,609.353558
5,83,608.509826
5,84,561.528380
5,85,568.101937
5,86,606.163421
5,87,614.198818
5,88,661.392236
5,89,694.701907
5,90,706.915028
5,91,679.323951
5,92,667.552568
5,93,686.507489
5,94,650.102349
5,95,639.157510
5,96,671.516454
5,97,660.403172
5,98,682.470644
5,99,776.210007
6,7,85.172153
6,8,154.886899
6,9,204.646151
6,10,490.856918
6,11,376.730108
6,12,331.847070
6,13,232.279991
6,14,156.853609
6,15,124.479762
6,16,89.887306
6,17,106.275594
6,18,163.283788
6,19,233.057989
6,20,461.040555
6,21,425.229108
6,22,347.234789
6,23,286.537106
6,24,245.952254
6,25,184.225111
6,26,140.510142
6,27,157.982375
6,28,190.917824
6,29,248.875216
6,30,498.801031
6,31,428.437824
6,32,377.250028
6,33,309.885252
6,34,257.213643
6,35,236.256993
6,36,252.625302
6,37,236.984806
6,38,246.555771
6,39,337.258191
6,40,513.293692
6,41,486.286324
6,42,415.921714
6,43,378.986764
6,44,305.859410
6,45,303.517684
6,46,281.407314
6,47,324.156568
6,48,361.342215
6,49,357.861067
6,50,590.356922
6,51,517.152336
6,52,486.603644
6,53,442.795820
6,54,361.584484
6,55,360.992766
6,56,359.812910
6,57,417.976934
6,58,387.626677
6,59,423.400041
6,60,626.756932
6,61,578.360029
6,62,534.313269
6,63,513.694197
6,64,437.508922
6,65,450.080373
6,66,433.130222
6,67,468.712139
6,68,473.470676
6,69,521.739959
6,70,651.150889
6,71,622.002356
6,72,606.197139
6,73,553.170204
6,74,527.125322
6,75,507.653474
6,76,535.373883
6,77,561.062202
6,78,525.244161
6,79,601.475519
6,80,750.942636
6,81,709.489279
6,82,664.238449
6,83,652.730563
6,84,591.346279
6,85,591.827138
6,86,610.654740
6,87,609.485047
6,88,648.735325
6,89,673.300414
6,90,769.888767
6,91,737.434375
6,92,717.380895
6,93,730.425541
6,94,683.488018
6,95,662.760218
6,96,685.154517
6,97,660.235768
6,98,674.417526
6,99,759.259440
7,8,72.896880
7,9,128.834879
7,10,569.232570
7,11,456.239876
7,12,410.688653
7,13,308.537767
7,14,222.291293
7,15,175.444000
7,16,90.158216
7,17,52.379712
7,18,79.451467
7,19,148.510319
7,20,531.504399
7,21,495.153706
7,22,419.437150
7,23,354.076026
7,24,296.630407
7,25,210.901524
7,26,129.215587
7,27,118.439588
7,28,116.597614
7,29,166.834257
7,30,564.604171
7,31,493.132257
7,32,439.931911
7,33,366.554941
7,34,284.735087
7,35,257.506497
7,36,235.045589
7,37,199.022917
7,38,191.808188
7,39,267.885559
7,40,575.345981
7,41,542.131603
7,42,458.841539
7,43,419.319089
7,44,336.510073
7,45,312.462656
7,46,260.837710
7,47,279.873903
7,48,314.483752
7,49,293.568838
7,50,644.661928
7,51,558.372069
7,52,521.156566
7,53,467.108954
7,54,372.748677
7,55,364.580387
7,56,338.637949
7,57,378.739325
7,58,342.085973
7,59,364.761739
7,60,670.566322
7,61,617.945888
7,62,567.675025
7,63,532.066889
7,64,448.547887
7,65,448.204967
7,66,410.957260
7,67,429.966929
7,68,420.993247
7,69,465.011848
7,70,689.564770
7,71,652.276944
7,72,631.732274
7,73,568.160496
7,74,531.680847
7,75,502.574526
7,76,509.871136
7,77,527.689882
7,78,482.187899
7,79,549.585255
7,80,784.803466
7,81,732.516897
7,82,681.615364
7,83,659.964894
7,84,586.446860
7,85,581.439375
7,86,583.088381
7,87,574.192462
7,88,606.263210
7,89,623.561808
7,90,794.153072
7,91,757.044223
7,92,729.010788
7,93,736.177526
7,94,680.098609
7,95,650.870430
7,96,664.116642
7,97,627.838867
7,98,635.284822
7,99,711.964754
8,9,59.306531
8,10,642.097601
8,11,528.975672
8,12,483.486499
8,13,381.432990
8,14,294.506627
8,15,245.823569
8,16,154.042001
8,17,100.007816
8,18,49.663735
8,19,79.983419
8,20,603.712843
8,21,567.303420
8,22,492.026967
8,23,426.052059
8,24,364.664281
8,25,272.549464
8,26,180.496320
8,27,152.019750
8,28,103.712132
8,29,123.029755
8,30,635.719964
8,31,564.102401
8,32,510.517730
8,33,435.768622
8,34,343.989029
8,35,314.747561
8,36,270.113184
8,37,220.349370
8,38,195.816740
8,39,244.297346
8,40,645.362082
8,41,610.146405
8,42,522.136416
8,43,481.868749
8,44,395.923562
8,45,361.038508
8,46,291.795546
8,47,287.937999
8,48,317.818012
8,49,276.320548
8,50,711.731260
8,51,620.113861
8,52,579.908644
8,53,521.023392
8,54,420.836185
8,55,408.148357
8,56,365.053383
8,57,387.258248
8,58,345.548894
8,59,352.061683
8,60,732.926150
8,61,678.516163
8,62,625.409650
8,63,581.684373
8,64,494.908382
8,65,485.961368
8,66,434.015227
8,67,437.348603
8,68,413.966149
8,69,451.850171
8,70,749.150783
8,71,707.709448
8,72,684.613663
8,73,615.260934
8,74,572.407843
8,75,536.943846
8,76,527.673590
8,77,537.998192
8,78,483.897226
8,79,540.448898
8,80,841.501028
8,81,783.190784
8,82,729.140709
8,83,700.990475
8,84,619.634707
8,85,610.510573
8,86,597.776050
8,87,581.866786
8,88,606.351563
8,89,615.728480
8,90,845.221573
8,91,805.445988
8,92,772.422966
8,93,775.504226
8,94,713.314029
8,95,677.856696
8,96,683.412647
8,97,637.459716
8,98,638.331771
8,99,705.748712
9,10,695.172427
9,11,581.280247
9,12,536.211436
9,13,435.349307
9,14,351.039839
9,15,303.833725
9,16,213.204816
9,17,159.206218
9,18,97.933896
9,19,65.416227
9,20,660.170741
9,21,623.859735
9,22,547.737240
9,23,482.871212
9,24,423.570539
9,25,331.831021
9,26,239.085188
9,27,207.779005
9,28,146.336932
9,29,138.206142
9,30,693.386646
9,31,621.872359
9,32,568.531384
9,33,494.382305
9,34,403.031572
9,35,373.583174
9,36,323.616739
9,37,269.780972
9,38,238.298232
9,39,265.993022
9,40,703.700690
9,41,669.132231
9,42,581.421447
9,43,541.123669
9,44,454.931871
9,45,417.933350
9,46,343.470790
9,47,328.996904
9,48,355.386150
9,49,301.463036
9,50,770.892394
9,51,679.274018
9,52,638.685627
9,53,578.864182
9,54,477.356699
9,55,463.316181
9,56,413.821445
9,57,426.464870
9,58,382.547149
9,59,378.143933
9,60,792.123341
9,61,737.524704
9,62,683.976866
9,63,638.247932
9,64,550.650854
9,65,538.605192
9,66,480.436096
9,67,475.140191
9,68,442.779814
9,69,475.578095
9,70,807.990625
9,71,765.722192
9,72,741.985954
9,73,670.950447
9,74,625.878115
9,75,587.919573
9,76,570.519095
9,77,576.452455
9,78,517.551546
9,79,565.972060
9,80,899.734592
9,81,839.810129
9,82,784.782817
9,83,754.231891
9,84,669.725211
9,85,658.694039
9,86,638.353238
9,87,618.345405
9,88,637.716430
9,89,641.465702
9,90,901.908737
9,91,861.293519
9,92,826.478448
9,93,827.879031
9,94,763.098549
9,95,724.714816
9,96,726.132390
9,97,674.744766
9,98,671.422857
9,99,731.984163
10,11,114.835165
10,12,159.010302
10,13,260.887151
10,14,353.379479
10,15,408.421937
10,16,503.860495
10,17,559.827810
10,18,635.270914
10,19,714.901554
10,20,104.826697
10,21,122.846568
10,22,162.854871
10,23,234.138680
10,24,326.439420
10,25,426.524013
10,26,511.918855
10,27,559.262763
10,28,636.324292
10,29,704.586948
10,30,150.801934
10,31,165.430941
10,32,199.133979
10,33,266.317188
10,34,402.875047
10,35,427.118395
10,36,538.810406
10,37,585.117841
10,38,630.044711
10,39,734.935152
10,40,188.431951
10,41,234.769134
10,42,316.378945
10,43,331.086683
10,44,382.941809
10,45,465.521778
10,46,555.761299
10,47,646.601100
10,48,677.611723
10,49,733.631673
10,50,283.800171
10,51,347.211884
10,52,379.248154
10,53,423.958596
10,54,466.056309
10,55,496.668503
10,56,588.857705
10,57,686.691991
10,58,690.030997
10,59,762.989495
10,60,380.834008
10,61,383.839607
10,62,403.891774
10,63,481.492204
10,64,488.147899
10,65,552.575636
10,66,629.755187
10,67,718.169589
10,68,776.739256
10,69,831.856442
10,70,432.086878
10,71,467.263242
10,72,487.290384
10,73,519.012998
10,74,559.960858
10,75,596.299695
10,76,706.569743
10,77,759.621446
10,78,776.096984
10,79,874.387998
10,80,529.146008
10,81,567.504179
10,82,570.874787
10,83,620.765531
10,84,645.109324
10,85,672.768727
10,86,768.604380
10,87,804.024391
10,88,868.244764
10,89,923.080162
10,90,603.021646
10,91,607.625837
10,92,640.123841
10,93,682.773627
10,94,699.240201
10,95,728.898795
10,96,791.704469
10,97,828.882700
10,98,872.640250
10,99,983.048090
11,12,46.013823
11,13,149.647008
11,14,245.028368
11,15,300.916012
11,16,394.629511
11,17,449.521552
11,18,524.237504
11,19,602.943908
11,20,131.032426
11,21,113.615394
11,22,83.313383
11,23,142.077184
11,24,236.984991
11,25,328.751938
11,26,407.259261
11,27,454.098215
11,28,528.510941
11,29,596.444907
11,30,189.238977
11,31,154.822507
11,32,154.225135
11,33,192.897477
11,34,318.917562
11,35,338.558428
11,36,447.539500
11,37,487.848171
11,38,529.930361
11,39,635.742685
11,40,223.307016
11,41,243.906321
11,42,283.003957
11,43,283.408926
11,44,310.952961
11,45,388.615100
11,46,467.708084
11,47,556.183803
11,48,589.530709
11,49,637.807563
11,50,326.078797
11,51,345.384549
11,52,361.003106
11,53,385.476411
11,54,401.777766
11,55,429.198739
11,56,511.131739
11,57,607.250898
11,58,604.796406
11,59,673.892179
11,60,410.258402
11,61,395.570104
11,62,396.616512
11,63,453.893735
11,64,439.509234
11,65,498.031777
11,66,560.938985
11,67,643.659028
11,68,694.416398
11,69,749.825854
11,70,456.813163
11,71,474.301229
11,72,485.168705
11,73,495.576441
11,74,522.615790
11,75,548.382045
11,76,647.107932
11,77,696.821738
11,78,703.533400
11,79,800.476066
11,80,561.208876
11,81,577.887246
11,82,567.668124
11,83,604.148584
11,84,608.570208
11,85,631.422137
11,86,714.652255
11,87,743.700321
11,88,804.812365
11,89,854.930877
11,90,622.507300
11,91,616.783909
11,92,636.559195
11,93,673.542674
11,94,674.807119
11,95,693.788825
11,96,749.940350
11,97,774.846308
11,98,813.729837
11,99,921.564423
12,13,103.633336
12,14,199.165596
12,15,255.102949
12,16,348.626829
12,17,403.517806
12,18,478.288092
12,19,557.134210
12,20,153.556323
12,21,126.771958
12,22,65.284103
12,23,104.623294
12,24,197.389073
12,25,285.159960
12,26,361.779677
12,27,408.492086
12,28,482.565253
12,29,550.468914
12,30,208.084693
12,31,159.015720
12,32,142.241197
12,33,162.432135
12,34,280.225157
12,35,297.953572
12,36,405.382668
12,37,443.878673
12,38,485.213461
12,39,591.110986
12,40,238.127382
12,41,247.469497
12,42,266.662750
12,43,260.824203
12,44,277.176999
12,45,351.793914
12,46,426.469149
12,47,513.930020
12,48,547.873301
12,49,593.951848
12,50,338.765760
12,51,339.973604
12,52,348.413047
12,53,363.986567
12,54,369.642069
12,55,395.510610
12,56,473.098114
12,57,568.223564
12,58,563.952668
12,59,631.757597
12,60,415.662820
12,61,394.252657
12,62,387.609368
12,63,435.567749
12,64,413.014311
12,65,468.560879
12,66,525.731644
12,67,606.118338
12,68,654.229708
12,69,709.606367
12,70,459.427454
12,71,469.529364
12,72,476.551651
12,73,478.297529
12,74,499.528339
12,75,520.969160
12,76,614.762231
12,77,663.068077
12,78,666.433487
12,79,762.673270
12,80,565.271718
12,81,573.046547
12,82,557.525216
12,83,588.333520
12,84,584.993462
12,85,605.847985
12,86,683.955390
12,87,710.626222
12,88,770.462760
12,89,818.870166
12,90,620.853049
12,91,611.048603
12,92,625.584898
12,93,660.030353
12,94,655.376199
12,95,670.159172
12,96,723.518143
12,97,743.867337
12,98,780.904850
12,99,887.565909
13,14,96.461210
13,15,152.420367
13,16,245.045214
13,17,299.909683
13,18,374.835826
13,19,454.074159
13,20,231.522602
13,21,196.912509
13,22,117.379327
13,23,75.426039
13,24,125.714555
13,25,191.348296
13,26,260.110969
13,27,306.284150
13,28,379.169596
13,29,446.966449
13,30,275.293492
13,31,209.420006
13,32,166.821083
13,33,132.649784
13,34,204.758692
13,35,214.872891
13,36,314.595902
13,37,346.924243
13,38,385.719556
13,39,491.622032
13,40,296.232167
13,41,284.338130
13,42,257.974072
13,43,236.654585
13,44,218.455690
13,45,279.297400
13,46,338.319934
13,47,421.818058
13,48,457.290455
13,49,496.731403
13,50,386.614453
13,51,350.648695
13,52,342.054155
13,53,334.561641
13,54,310.622903
13,55,330.972292
13,56,393.951197
13,57,485.039106
13,58,475.615960
13,59,539.344172
13,60,445.643103
13,61,410.914825
13,62,387.408174
13,63,410.822941
13,64,368.020279
13,65,413.686505
13,66,453.825841
13,67,526.734926
13,68,567.159126
13,69,622.154180
13,70,481.941560
13,71,475.522039
13,72,473.546021
13,73,454.604195
13,74,460.618018
13,75,470.286275
13,76,549.363427
13,77,593.365378
13,78,587.732757
13,79,681.451562
13,80,587.967038
13,81,575.940193
13,82,548.623793
13,83,565.266478
13,84,542.838726
13,85,558.231770
13,86,622.045875
13,87,642.251703
13,88,698.274702
13,89,741.921624
13,90,629.864970
13,91,611.078051
13,92,613.236664
13,93,641.069456
13,94,622.252268
13,95,626.423396
13,96,672.077149
13,97,680.618819
13,98,712.591779
13,99,815.561937
14,15,55.998404
14,16,150.484684
14,17,206.801907
14,18,282.696904
14,19,363.386785
14,20,309.236245
14,21,272.865966
14,22,197.944513
14,23,131.871227
14,24,98.369382
14,25,106.012124
14,26,163.757766
14,27,209.822999
14,28,283.583756
14,29,351.658176
14,30,343.415078
14,31,272.441398
14,32,220.576066
14,33,154.238674
14,34,146.975591
14,35,144.264983
14,36,228.078998
14,37,253.593753
14,38,290.278100
14,39,396.008587
14,40,356.659181
14,41,329.939547
14,42,268.373684
14,43,235.344174
14,44,181.288769
14,45,217.026387
14,46,254.207954
14,47,332.302373
14,48,368.877783
14,49,402.538029
14,50,434.184600
14,51,369.113648
14,52,345.695060
14,53,316.259458
14,54,262.116594
14,55,274.631370
14,56,318.349181
14,57,403.459005
14,58,389.143343
14,59,448.751666
14,60,475.569095
14,61,430.868837
14,62,393.515254
14,63,392.011261
14,64,330.990818
14,65,363.704318
14,66,384.391019
14,67,448.331262
14,68,481.070680
14,69,535.371354
14,70,503.839748
14,71,482.770769
14,72,472.540238
14,73,434.622472
14,74,425.199216
14,75,422.477522
14,76,484.492033
14,77,523.505553
14,78,509.252807
14,79,599.829866
14,80,606.634226
14,81,576.806692
14,82,539.274914
14,83,541.865160
14,84,501.381903
14,85,510.937690
14,86,559.362496
14,87,573.021369
14,88,624.825051
14,89,663.744155
14,90,634.963596
14,91,608.313050
14,92,598.776298
14,93,619.651717
14,94,587.654888
14,95,581.420299
14,96,618.770462
14,97,615.823561
14,98,642.635211
14,99,741.362599
15,16,96.379125
15,17,153.615388
15,18,229.803944
15,19,311.229453
15,20,359.664243
15,21,323.148832
15,22,250.758864
15,23,181.930688
15,24,123.149518
15,25,73.489417
15,26,108.242473
15,27,153.904448
15,28,227.998755
15,29,296.200531
15,30,389.930964
15,31,318.288035
15,32,264.730048
15,33,191.328259
15,34,138.062413
15,35,123.532306
15,36,184.249507
15,37,201.830054
15,38,235.871651
15,39,341.243895
15,40,399.926559
15,41,367.483164
15,42,291.694278
15,43,254.513308
15,44,183.643286
15,45,196.696244
15,46,212.147594
15,47,283.804803
15,48,321.107358
15,49,349.223337
15,50,470.699561
15,51,392.845905
15,52,362.327997
15,53,321.417762
15,54,249.824637
15,55,255.825646
15,56,282.497860
15,57,361.275931
15,58,342.935643
15,59,398.612227
15,60,502.969856
15,61,453.955387
15,62,410.108661
15,63,394.342822
15,64,323.668223
15,65,346.437418
15,66,352.222623
15,67,408.277209
15,68,434.594186
15,69,488.087651
15,70,526.708011
15,71,498.128796
15,72,483.480805
15,73,435.204901
15,74,416.281536
15,75,405.338487
15,76,454.290433
15,77,489.250534
15,78,468.637336
15,79,556.306475
15,80,626.534896
15,81,587.233566
15,82,544.327930
15,83,538.465191
15,84,487.119883
15,85,492.658118
15,86,529.936665
15,87,538.813387
15,88,587.228927
15,89,622.517490
15,90,647.123023
15,91,616.297565
15,92,600.040683
15,93,616.499200
15,94,576.682236
15,95,563.796415
15,96,595.258617
15,97,584.449715
15,98,607.442756
15,99,702.692271
16,17,57.482616
16,18,133.594022
16,19,215.259815
16,20,455.753723
16,21,419.236574
16,22,347.110994
16,23,278.185733
16,24,210.873130
16,25,120.783677
16,26,50.875481
16,27,74.390523
16,28,134.643298
16,29,202.010020
16,30,484.412231
16,31,412.684559
16,32,358.596737
16,33,282.508883
16,34,194.605563
16,35,167.780925
16,36,163.630493
16,37,148.522529
16,38,164.989865
16,39,264.202395
16,40,492.477320
16,41,456.179700
16,42,369.421157
16,43,329.621180
16,44,246.354251
16,45,226.314732
16,46,192.124876
16,47,236.127542
16,48,273.704493
16,49,279.543160
16,50,557.697299
16,51,468.538033
16,52,430.998525
16,53,377.719158
16,54,286.255689
16,55,281.046531
16,56,270.815577
16,57,328.470531
16,58,299.423120
16,59,340.176484
16,60,580.929460
16,61,527.919002
16,62,477.545047
16,63,444.050390
16,64,362.475979
16,65,367.839144
16,66,344.202502
16,67,379.060089
16,68,386.932318
16,69,436.727296
16,70,599.448030
16,71,562.377616
16,72,542.407789
16,73,481.173561
16,74,448.496424
16,75,424.198705
16,76,446.126801
16,77,471.189253
16,78,436.030284
16,79,514.188875
16,80,694.712516
16,81,643.759235
16,82,594.151644
16,83,575.962012
16,84,508.219206
16,85,506.524676
16,86,521.228296
16,87,519.597927
16,88,559.270136
16,89,585.199988
16,90,705.210706
16,91,669.090658
16,92,643.444867
16,93,652.939207
16,94,601.236080
16,95,577.079892
16,96,596.929602
16,97,570.428876
16,98,584.632329
16,99,670.458421
17,18,76.189060
17,19,157.778640
17,20,513.177236
17,21,476.659180
17,22,404.130500
17,23,335.530932
17,24,267.431265
17,25,172.695849
17,26,81.672989
17,27,66.125533
17,28,86.398474
17,29,150.042534
17,30,541.799043
17,31,470.073038
17,32,415.924664
17,33,339.438406
17,34,244.028752
17,35,215.014200
17,36,183.094359
17,37,147.260048
17,38,144.798070
17,39,231.062006
17,40,549.476899
17,41,512.179855
17,42,422.269904
17,43,381.925563
17,44,295.981471
17,45,264.719285
17,46,208.568006
17,47,229.909815
17,48,265.420722
17,49,252.743100
17,50,613.013328
17,51,520.106469
17,52,480.149459
17,53,422.570137
17,54,324.951108
17,55,315.015240
17,56,286.265047
17,57,328.032446
17,58,292.757029
17,59,320.721813
17,60,632.928241
17,61,578.555479
17,62,525.874247
17,63,485.242829
17,64,400.175719
17,65,397.237366
17,66,358.587975
17,67,379.293361
17,68,374.282880
17,69,420.266467
17,70,649.312273
17,71,608.865717
17,72,586.723517
17,73,520.251137
17,74,481.551980
17,75,451.043228
17,76,457.675593
17,77,476.286600
17,78,432.591511
17,79,502.915910
17,80,742.320507
17,81,686.381079
17,82,633.985903
17,83,610.044364
17,84,534.807558
17,85,529.324656
17,86,531.091311
17,87,523.136578
17,88,556.720963
17,89,576.209110
17,90,748.252669
17,91,709.845500
17,92,679.871611
17,93,685.856984
17,94,628.522642
17,95,598.631465
17,96,611.787233
17,97,576.406229
17,98,585.013378
17,99,663.900939
18,19,81.859433
18,20,589.343672
18,21,552.826040
18,22,480.243187
18,23,411.718915
18,24,342.080914
18,25,243.916419
18,26,147.355343
18,27,111.111458
18,28,54.123477
18,29,87.846042
18,30,617.479561
18,31,545.770724
18,32,491.510184
18,33,414.441296
18,34,311.810050
18,35,281.393479
18,36,225.687092
18,37,172.757653
18,38,146.203073
18,39,199.383348
18,40,624.439930
18,41,585.716829
18,42,492.120011
18,43,451.343165
18,44,363.237372
18,45,321.378122
18,46,245.753720
18,47,238.308439
18,48,268.209366
18,49,229.643887
18,50,685.508926
18,51,588.058692
18,52,545.401575
18,53,483.305634
18,54,380.370588
18,55,365.612815
18,56,317.339569
18,57,337.595956
18,58,295.959970
18,59,304.610524
18,60,701.088133
18,61,645.169812
18,62,589.913833
18,63,541.165893
18,64,453.126305
18,65,440.767244
18,66,385.451545
18,67,387.695355
18,68,365.579287
18,69,404.784193
18,70,714.747650
18,71,670.284861
18,72,645.614970
18,73,573.356130
18,74,527.955425
18,75,490.544238
18,76,478.342127
18,77,488.335191
18,78,434.539666
18,79,492.663957
18,80,804.648394
18,81,742.686690
18,82,687.142492
18,83,656.336179
18,84,572.733205
18,85,562.681836
18,86,548.206103
18,87,532.238493
18,88,557.238041
18,89,567.783350
18,90,804.818207
18,91,763.722483
18,92,728.545250
18,93,730.136624
18,94,666.271606
18,95,629.548927
18,96,634.106081
18,97,587.801925
18,98,588.965611
18,99,657.591118
19,20,670.884202
19,21,634.366930
19,22,561.230346
19,23,493.149079
19,24,423.818466
19,25,324.718387
19,26,227.390771
19,27,187.036680
19,28,109.574855
19,29,77.891388
19,30,699.336253
19,31,627.625417
19,32,573.369570
19,33,496.238241
19,34,390.800984
19,35,359.915549
19,36,292.557728
19,37,232.906412
19,38,193.362973
19,39,204.398696
19,40,706.203678
19,41,666.969223
19,42,571.584059
19,43,530.656742
19,44,441.685548
19,45,394.113898
19,46,308.305104
19,47,279.765197
19,48,302.425914
19,49,240.992462
19,50,766.210610
19,51,666.211922
19,52,621.940607
19,53,557.131406
19,54,451.535485
19,55,433.758929
19,56,372.608633
19,57,374.066658
19,58,328.741967
19,59,317.375284
19,60,779.186041
19,61,722.348930
19,62,665.509305
19,63,611.266676
19,64,521.795120
19,65,502.632206
19,66,435.215711
19,67,421.100473
19,68,382.957080
19,69,413.278357
19,70,790.992428
19,71,743.793947
19,72,717.364120
19,73,641.153108
19,74,590.970451
19,75,548.528802
19,76,520.505639
19,77,522.339864
19,78,460.186216
19,79,504.101272
19,80,878.481918
19,81,812.111349
19,82,754.336790
19,83,718.205490
19,84,628.406676
19,85,614.598927
19,86,585.796906
19,87,562.500520
19,88,578.481083
19,89,579.503849
19,90,874.241515
19,91,831.158443
19,92,791.934721
19,93,789.868520
19,94,720.898367
19,95,678.563986
19,96,675.289862
19,97,619.302880
19,98,613.109199
19,99,670.062102
20,21,36.518103
20,22,114.259158
20,23,177.844455
20,24,256.848855
20,25,361.281921
20,26,454.257927
20,27,501.390339
20,28,582.241490
20,29,650.253051
20,30,58.746760
20,31,64.002329
20,32,109.903073
20,33,187.528476
20,34,323.940090
20,35,351.526670
20,36,462.885676
20,37,515.029183
20,38,562.926763
20,39,665.189398
20,40,94.999641
20,41,131.557442
20,42,214.045119
20,43,232.902861
20,44,295.616522
20,45,379.090795
20,46,476.386479
20,47,568.034740
20,48,596.482374
20,49,659.742043
20,50,197.551389
20,51,243.341629
20,52,274.440432
20,53,321.311522
20,54,372.003842
20,55,403.748292
20,56,500.762424
20,57,598.654861
20,58,606.325126
20,59,681.913613
20,60,287.795296
20,61,283.439269
20,62,299.623321
20,63,376.949804
20,64,387.503205
20,65,453.251469
20,66,535.871356
20,67,626.692500
20,68,689.988984
20,69,744.505902
20,70,337.188856
20,71,366.104710
20,72,384.136099
20,73,414.212636
20,74,456.301769
20,75,494.657766
20,76,607.963490
20,77,662.045485
20,78,683.099714
20,79,781.602826
20,80,438.576545
20,81,467.847890
20,82,467.820528
20,83,516.149388
20,84,541.098013
20,85,569.409964
20,86,667.876036
20,87,705.282472
20,88,770.456394
20,89,827.135031
20,90,506.825010
20,91,507.748279
20,92,537.193919
20,93,579.000668
20,94,594.413505
20,95,624.583341
20,96,688.152716
20,97,727.981508
20,98,773.147603
20,99,884.152730
21,22,79.612418
21,23,141.357164
21,24,221.281559
21,25,325.514608
21,26,418.019416
21,27,465.203983
21,28,545.904807
21,29,613.957088
21,30,81.815784
21,31,46.125102
21,32,78.281605
21,33,153.177136
21,34,290.369227
21,35,317.291375
21,36,428.967908
21,37,480.137763
21,38,527.672172
21,39,630.400372
21,40,111.675614
21,41,131.724141
21,42,194.567681
21,43,208.267449
21,44,264.602381
21,45,347.972292
21,46,443.289137
21,47,534.867459
21,48,564.011674
21,49,625.660534
21,50,213.552440
21,51,238.476963
21,52,262.650808
21,53,302.033658
21,54,344.489547
21,55,375.626766
21,56,470.503857
21,57,568.482264
21,58,574.625583
21,59,649.510276
21,60,296.756204
21,61,284.720165
21,62,292.729986
21,63,362.445726
21,64,365.371130
21,65,429.741995
21,66,508.434902
21,67,598.054410
21,68,659.401072
21,69,714.180048
21,70,343.858202
21,71,365.389965
21,72,379.727183
21,73,401.571626
21,74,438.786959
21,75,473.697310
21,76,583.837908
21,77,637.105678
21,78,655.269868
21,79,753.709521
21,80,447.789804
21,81,468.483838
21,82,463.173441
21,83,506.541113
21,84,524.358740
21,85,551.127483
21,86,645.786514
21,87,681.287902
21,88,745.703243
21,89,801.094074
21,90,510.964131
21,91,507.907026
21,92,532.529177
21,93,572.290829
21,94,582.195446
21,95,608.688115
21,96,670.186476
21,97,706.077618
21,98,749.822487
21,99,860.308479
22,23,71.495659
22,24,164.078688
22,25,263.760159
22,26,351.006609
22,27,398.438023
22,28,477.155406
22,29,545.474930
22,30,159.481360
22,31,99.544334
22,32,76.972997
22,33,111.032051
22,34,242.856085
22,35,265.479397
22,36,376.724831
22,37,422.263801
22,38,467.346827
22,39,572.106636
22,40,184.126030
22,41,185.239722
22,42,202.926322
22,43,200.578641
22,44,229.899044
22,45,309.644228
22,46,394.688615
22,47,484.927643
22,48,516.766886
22,49,570.911431
22,50,281.043371
22,51,274.763393
22,52,283.710959
22,53,303.148349
22,54,319.478421
22,55,347.604369
22,56,432.933299
22,57,529.992366
22,58,530.371375
22,59,601.895039
22,60,353.103189
22,61,329.562317
22,62,322.406375
22,63,373.015142
22,64,356.214028
22,65,414.871187
22,66,480.025948
22,67,564.584737
22,68,618.625036
22,69,673.970852
22,70,395.666176
22,71,404.301133
22,72,411.352872
22,73,415.303488
22,74,439.919966
22,75,465.069274
22,76,564.592089
22,77,614.877113
22,78,623.930473
22,79,721.437480
22,80,501.806852
22,81,507.791547
22,82,492.530569
22,83,524.827819
22,84,525.789388
22,85,548.258892
22,86,631.630839
22,87,661.410982
22,88,723.102807
22,89,774.294180
22,90,555.895810
22,91,545.765800
22,92,560.754064
22,93,595.804966
22,94,593.553975
22,95,611.025492
22,96,666.697760
22,97,691.869163
22,98,731.304033
22,99,839.609501
23,24,95.132731
23,25,192.386248
23,26,279.912290
23,27,327.336293
23,28,406.657888
23,29,474.929988
23,30,212.264029
23,31,142.278368
23,32,94.116295
23,33,63.989981
23,34,176.862576
23,35,196.945589
23,36,307.138135
23,37,351.165191
23,38,395.923378
23,39,500.822433
23,40,228.287626
23,41,210.611644
23,42,185.639956
23,43,169.119792
23,44,172.889360
23,45,247.409714
23,46,326.301281
23,47,415.665444
23,48,448.325763
23,49,500.197329
23,50,313.968031
23,51,275.766294
23,52,270.077041
23,53,270.810321
23,54,265.794066
23,55,291.065737
23,56,369.336913
23,57,465.208912
23,58,463.027336
23,59,533.081877
23,60,370.324412
23,61,335.719972
23,62,314.357904
23,63,345.616121
23,64,313.207305
23,65,365.983058
23,66,421.116005
23,67,502.124717
23,68,552.399766
23,69,607.809001
23,70,406.564021
23,71,401.725159
23,72,401.547929
23,73,389.232061
23,74,402.693603
23,75,419.765479
23,76,510.536531
23,77,558.510267
23,78,562.257728
23,79,658.842363
23,80,512.651768
23,81,503.000695
23,82,478.484466
23,83,500.147132
23,84,487.123600
23,85,505.942288
23,86,580.328602
23,87,606.174648
23,88,665.845018
23,89,714.400410
23,90,555.961534
23,91,538.832860
23,92,544.366964
23,93,574.586944
23,94,561.888403
23,95,571.896724
23,96,622.591902
23,97,640.072398
23,98,676.490706
23,99,782.963178
24,25,104.598606
24,26,199.958842
24,27,246.307700
24,28,328.436732
24,29,395.724714
24,30,277.242153
24,31,206.070119
24,32,151.569473
24,33,72.676858
24,34,83.023295
24,35,101.840162
24,36,212.652049
24,37,259.693051
24,38,306.519341
24,39,409.975524
24,40,282.391924
24,41,245.603286
24,42,171.140689
24,43,137.024653
24,44,93.663889
24,45,156.222140
24,46,231.219499
24,47,320.955305
24,48,353.281748
24,49,407.302050
24,50,348.093160
24,51,272.340616
24,52,247.332273
24,53,221.032297
24,54,184.961317
24,55,205.600511
24,56,275.898583
24,57,370.855606
24,58,367.905622
24,59,438.168001
24,60,380.896603
24,61,333.950700
24,62,295.167723
24,63,297.536001
24,64,245.079481
24,65,288.130299
24,66,331.250434
24,67,409.052574
24,68,457.447959
24,69,512.856152
24,70,406.937073
24,71,384.404569
24,72,374.533542
24,73,340.805586
24,74,338.832171
24,75,345.113877
24,76,424.723711
24,77,470.165852
24,78,469.581516
24,79,565.424503
24,80,508.913945
24,81,478.774878
24,82,442.771422
24,83,449.846533
24,84,419.301409
24,85,433.330729
24,86,496.812579
24,87,518.645776
24,88,576.306140
24,89,622.684396
24,90,536.683847
24,91,510.753923
24,92,503.753724
24,93,527.068755
24,94,501.388458
24,95,502.135596
24,96,546.506216
24,97,555.684402
24,98,589.060505
24,99,693.636835
25,26,97.676220
25,27,142.631107
25,28,225.310884
25,29,291.922049
25,30,381.096116
25,31,310.302229
25,32,255.898819
25,33,176.481577
25,34,74.599026
25,35,52.279656
25,36,123.546387
25,37,159.254232
25,38,203.608385
25,39,308.466274
25,40,384.118890
25,41,342.450324
25,42,249.590664
25,43,209.365899
25,44,125.843934
25,45,123.709372
25,46,148.626933
25,47,230.499887
25,48,265.990746
25,49,309.069148
25,50,441.603921
25,51,347.983428
25,52,310.360774
25,53,259.945300
25,54,178.859157
25,55,182.785539
25,56,213.014854
25,57,297.580309
25,58,284.884861
25,59,348.140827
25,60,460.586681
25,61,407.163179
25,62,357.122171
25,63,329.617819
25,64,254.084281
25,65,273.386689
25,66,280.838630
25,67,342.335157
25,68,376.694626
25,69,431.423847
25,70,478.668073
25,71,442.720760
25,72,424.309919
25,73,368.946632
25,74,345.354607
25,75,332.200725
25,76,382.278974
25,77,419.096716
25,78,403.243752
25,79,494.075487
25,80,574.403377
25,81,526.807204
25,82,480.198825
25,83,469.425640
25,84,414.384781
25,85,419.300374
25,86,457.739938
25,87,468.676593
25,88,519.296519
25,89,557.732042
25,90,587.745741
25,91,553.837288
25,92,533.243086
25,93,547.319871
25,94,504.622981
25,95,490.464800
25,96,521.903021
25,97,513.001253
25,98,537.916373
25,99,635.627409
26,27,47.431834
26,28,128.492107
26,29,196.095385
26,30,477.198726
26,31,405.932802
26,32,351.407039
26,33,272.578887
26,34,164.620814
26,35,134.623494
26,36,112.849983
26,37,102.243151
26,38,128.701429
26,39,233.335199
26,40,481.387171
26,41,440.108550
26,42,344.765004
26,43,303.994928
26,44,216.281526
26,45,183.520212
26,46,141.258093
26,47,189.450820
26,48,227.309595
26,49,243.301422
26,50,538.837432
26,51,441.040706
26,52,399.611901
26,53,340.953723
26,54,243.815675
26,55,235.473461
26,56,219.984706
26,57,279.157543
26,58,252.146542
26,59,298.280859
26,60,554.044621
26,61,498.707907
26,62,444.938414
26,63,403.772213
26,64,319.428080
26,65,320.278103
26,66,293.373465
26,67,329.415372
26,68,341.309253
26,69,392.503331
26,70,568.940087
26,71,527.391455
26,72,505.052690
26,73,439.234990
26,74,402.758173
26,75,375.786736
26,76,395.252403
26,77,420.629162
26,78,387.074440
26,79,467.447785
26,80,661.040490
26,81,604.788173
26,82,552.844336
26,83,530.896407
26,84,459.827859
26,85,457.046494
26,86,470.359204
26,87,469.176011
26,88,509.855905
26,89,537.489375
26,90,666.630573
26,91,628.532246
26,92,599.795797
26,93,607.312504
26,94,553.167843
26,95,527.373135
26,96,546.240057
26,97,519.728571
26,98,534.616403
26,99,621.884222
27,28,82.835419
27,29,149.425220
27,30,523.449832
27,31,452.377620
27,32,397.874444
27,33,318.749273
27,34,204.288068
27,35,173.161952
27,36,119.266811
27,37,81.879835
27,38,90.629719
27,39,191.082780
27,40,526.715190
27,41,483.949273
27,42,385.150064
27,43,344.145742
27,44,254.781677
27,45,210.337536
27,46,143.380401
27,47,167.122330
27,48,203.821241
27,49,205.195371
27,50,581.302203
27,51,479.182249
27,52,435.210084
27,53,372.226545
27,54,269.586354
27,55,256.135060
27,56,220.446614
27,57,263.646735
27,58,230.536788
27,59,266.508344
27,60,592.150062
27,61,535.424401
27,62,479.280859
27,63,430.471577
27,64,343.069045
27,65,334.980506
27,66,292.546971
27,67,314.853889
27,68,315.491429
27,69,364.036311
27,70,604.436261
27,71,559.203991
27,72,534.559058
27,73,463.416267
27,74,420.764798
27,75,387.461795
27,76,391.567949
27,77,410.876298
27,78,369.479987
27,79,443.585766
27,80,693.616839
27,81,632.033007
27,82,577.288179
27,83,549.387798
27,84,470.900611
27,85,464.319478
27,86,465.100434
27,87,458.090640
27,88,493.479806
27,89,515.766962
27,90,694.135771
27,91,653.694468
27,92,620.491736
27,93,624.373637
27,94,564.681960
27,95,533.269393
27,96,545.678620
27,97,510.928472
27,98,520.846828
27,99,602.392207
28,29,68.327755
28,30,605.678775
28,31,534.424461
28,32,479.898466
28,33,401.028020
28,34,286.277080
28,35,254.946407
28,36,183.077202
28,37,124.836380
28,38,92.781321
28,39,151.441473
28,40,609.429350
28,41,566.755215
28,42,466.939712
28,43,425.901266
28,44,336.058452
28,45,284.904069
28,46,199.841291
28,47,184.662542
28,48,214.106855
28,49,178.814949
28,50,663.778127
28,51,559.585009
28,52,514.009691
28,53,448.015311
28,54,342.008629
28,55,324.283119
28,56,267.788914
28,57,283.701363
28,58,241.845871
28,59,252.471336
28,60,672.347478
28,61,614.756280
28,62,556.981447
28,63,501.699989
28,64,412.307447
28,65,394.909642
28,66,334.130302
28,67,333.664653
28,68,312.327145
28,69,352.880041
28,70,682.709448
28,71,634.491745
28,72,607.820142
28,73,531.833566
28,74,482.921375
28,75,442.655881
28,76,425.406218
28,77,434.415491
28,78,380.468430
28,79,439.915052
28,80,769.213320
28,81,702.614882
28,82,645.174418
28,83,610.712157
28,84,523.905380
28,85,512.392681
28,86,494.672657
28,87,478.155462
28,88,503.303002
28,89,514.837648
28,90,764.753307
28,91,721.969930
28,92,683.897683
28,93,683.377185
28,94,617.110469
28,95,578.411553
28,96,581.169798
28,97,533.785839
28,98,534.884913
28,99,604.417892
29,30,672.871822
29,31,601.794167
29,32,547.285427
29,33,468.171578
29,34,349.647044
29,35,318.189310
29,36,234.435206
29,37,171.217944
29,38,125.019770
29,39,127.793398
29,40,675.772359
29,41,631.791388
29,42,529.317849
29,43,488.328116
29,44,398.080864
29,45,340.484621
29,46,245.459637
29,47,205.345452
29,48,225.724652
29,49,163.642322
29,50,727.387077
29,51,619.519847
29,52,571.963392
29,53,502.929995
29,54,394.780942
29,55,373.694335
29,56,303.089883
29,57,297.354612
29,58,251.609730
29,59,240.245280
29,60,731.727785
29,61,673.061332
29,62,613.434003
29,63,551.621311
29,64,461.257478
29,65,436.079271
29,66,362.203003
29,67,343.722959
29,68,305.439430
29,69,337.373864
29,70,739.461209
29,71,687.871577
29,72,659.129028
29,73,578.806567
29,74,524.661765
29,75,478.981983
29,76,444.485878
29,77,444.849594
29,78,382.295198
29,79,427.798223
29,80,822.504268
29,81,750.697719
29,82,690.849102
29,83,650.423429
29,84,557.136122
29,85,541.567722
29,86,508.698145
29,87,484.681472
29,88,500.847571
29,89,503.285102
29,90,812.620343
29,91,767.628353
29,92,725.030292
29,93,720.407900
29,94,648.780120
29,95,604.185656
29,96,598.713722
29,97,541.521002
29,98,535.301796
29,99,593.815443
30,31,71.727673
30,32,126.038118
30,33,204.700564
30,34,333.776260
30,35,363.508400
30,36,472.171879
30,37,528.273021
30,38,577.804966
30,39,677.072058
30,40,37.978877
30,41,89.241812
30,42,194.437313
30,43,222.157815
30,44,297.831886
30,45,379.891461
30,46,482.396775
30,47,573.572418
30,48,599.370342
30,49,668.388626
30,50,139.135882
30,51,200.618106
30,52,239.944820
30,53,297.393464
30,54,363.524386
30,55,396.202041
30,56,497.610825
30,57,594.496411
30,58,606.629397
30,59,684.106532
30,60,231.790892
30,61,233.262019
30,62,257.985546
30,63,344.261286
30,64,367.453164
30,65,434.951918
30,66,525.200213
30,67,618.296711
30,68,686.488775
30,69,740.010731
30,70,282.264788
30,71,316.832836
30,72,338.420694
30,73,378.329773
30,74,427.259719
30,75,471.095712
30,76,589.540159
30,77,644.975482
30,78,672.396345
30,79,770.611477
30,80,381.868830
30,81,416.706657
30,82,421.679091
30,83,475.366251
30,84,510.067247
30,85,540.639517
30,86,645.151297
30,87,686.053949
30,88,752.490795
30,89,811.706137
30,90,452.873072
30,91,456.835532
30,92,490.681913
30,93,534.478279
30,94,556.521038
30,95,591.736383
30,96,658.204589
30,97,704.625317
30,98,752.300595
30,99,863.948048
31,32,54.526548
31,33,133.843931
31,34,266.299478
31,35,295.191511
31,36,405.333398
31,37,459.796144
31,38,508.773871
31,39,609.325700
31,40,86.831004
31,41,89.421284
31,42,151.037151
31,43,168.911095
31,44,234.420027
31,45,317.692005
31,46,417.265844
31,47,508.844594
31,48,536.225553
31,49,602.128816
31,50,181.502915
31,51,192.846083
31,52,216.678460
31,53,258.587713
31,54,308.400634
31,55,340.327976
31,56,438.412715
31,57,536.155555
31,58,545.140424
31,59,621.475902
31,60,257.172507
31,61,240.866551
31,62,246.705766
31,63,317.108119
31,64,323.848932
31,65,389.357040
31,66,472.152396
31,67,563.340642
31,68,627.731476
31,69,682.028599
31,70,302.453173
31,71,320.535536
31,72,333.956408
31,73,355.830117
31,74,394.585034
31,75,431.400722
31,76,544.018460
31,77,598.048567
31,78,619.446758
31,79,717.948276
31,80,407.537883
31,81,423.897422
31,82,417.309846
31,83,460.460621
31,84,479.876118
31,85,507.338419
31,86,604.324192
31,87,641.360834
31,88,706.471123
31,89,763.154415
31,90,467.713385
31,91,463.115922
31,92,486.634324
31,93,526.198550
31,94,536.442913
31,95,563.919339
31,96,626.286065
31,97,664.492044
31,98,709.332780
31,99,820.263523
32,33,79.576299
32,34,214.260275
32,35,242.368485
32,36,353.323366
32,37,406.581681
32,38,455.184184
32,39,556.448775
32,40,136.083308
32,41,117.582779
32,42,128.924138
32,43,134.213879
32,44,186.406161
32,45,269.833499
32,46,366.496918
32,47,458.147978
32,48,486.630307
32,49,550.222100
32,50,220.078266
32,51,198.157629
32,52,207.473257
32,53,233.361715
32,54,266.946350
32,55,297.758529
32,56,392.233104
32,57,490.210255
32,58,496.758522
32,59,572.082907
32,60,281.879504
32,61,254.166088
32,62,245.464116
32,63,299.911860
32,64,292.354886
32,65,354.978680
32,66,430.746535
32,67,519.920532
32,68,581.183399
32,69,635.927692
32,70,321.974129
32,71,327.592435
32,72,334.409537
32,73,341.385211
32,74,370.943284
32,75,401.378004
32,76,508.174174
32,77,560.761802
32,78,577.358611
32,79,675.752741
32,80,428.395832
32,81,430.991313
32,82,415.782443
32,83,449.983628
32,84,456.968738
32,85,481.615309
32,86,571.808124
32,87,605.601538
32,88,669.396018
32,89,723.946703
32,90,479.744953
32,91,468.853087
32,92,484.179492
32,93,519.958450
32,94,520.896702
32,95,541.998183
32,96,600.633290
32,97,632.174791
32,98,674.602126
32,99,784.583869
33,34,137.505025
33,35,164.128033
33,36,275.803919
33,37,327.575617
33,38,375.843019
33,39,477.676704
33,40,210.044905
33,41,176.592492
33,42,125.598232
33,43,105.420591
33,44,118.936031
33,45,199.810433
33,46,290.664521
33,47,382.091708
33,48,411.996754
33,49,472.488247
33,50,280.489815
33,51,221.450355
33,52,209.441980
33,53,206.822128
33,54,208.881012
33,55,236.606226
33,56,323.302006
33,57,420.868012
33,58,423.801959
33,59,497.488350
33,60,323.378152
33,61,282.801932
33,62,255.135149
33,63,281.719341
33,64,250.959458
33,65,306.290944
33,66,369.007405
33,67,454.188914
33,68,510.516133
33,69,565.699652
33,70,355.131806
33,71,343.721164
33,72,340.904327
33,73,325.375900
33,74,339.299536
33,75,358.578156
33,76,454.229632
33,77,504.038615
33,78,513.246843
33,79,610.968455
33,80,460.068204
33,81,443.481099
33,82,416.322986
33,83,436.298259
33,84,424.104792
33,85,443.866911
33,86,522.268512
33,87,550.808929
33,88,612.172264
33,89,663.289464
33,90,498.026878
33,91,478.445200
33,92,481.552263
33,93,510.999172
33,94,498.005146
33,95,509.062836
33,96,561.221698
33,97,582.354073
33,98,620.833252
33,99,728.787266
34,35,31.458031
34,36,139.100811
34,37,194.807365
34,38,245.007331
34,39,343.324797
34,40,330.934024
34,41,283.132247
34,42,180.869134
34,43,139.885030
34,44,51.972423
34,45,74.551153
34,46,153.178362
34,47,244.592332
34,48,274.763999
34,49,335.991794
34,50,377.783527
34,51,276.441404
34,52,236.535537
34,53,185.739790
34,54,115.246343
34,55,128.881849
34,56,192.905748
34,57,288.346745
34,58,287.563539
34,59,360.198148
34,60,389.431003
34,61,334.529111
34,62,282.941196
34,63,256.865065
34,64,186.457972
34,65,216.884713
34,66,249.261844
34,67,326.034864
34,68,375.951729
34,69,431.338804
34,70,405.414661
34,71,368.160708
34,72,349.850933
34,73,297.275632
34,74,280.019510
34,75,275.560361
34,76,344.913070
34,77,388.666772
34,78,386.561352
34,79,482.465150
34,80,500.121977
34,81,452.609071
34,82,407.248955
34,83,400.611377
34,84,354.573681
34,85,364.072688
34,86,418.268305
34,87,437.498717
34,88,494.098198
34,89,539.765554
34,90,513.381350
34,91,480.220833
34,92,462.063137
34,93,478.654897
34,94,441.817472
34,95,434.464447
34,96,473.241941
34,97,476.348554
34,98,507.850617
34,99,611.437850
35,36,111.923868
35,37,164.771027
35,38,214.498739
35,39,314.156603
35,40,361.609390
35,41,314.424510
35,42,212.041968
35,43,171.016974
35,44,81.858236
35,45,73.889158
35,46,129.382153
35,47,219.523278
35,48,251.458415
35,49,308.371570
35,50,409.231719
35,51,306.667635
35,52,265.164064
35,53,210.024318
35,54,126.768253
35,55,132.804595
35,56,179.099235
35,57,271.196934
35,58,266.244175
35,59,336.442180
35,60,419.697979
35,61,364.085640
35,62,310.908855
35,63,278.135715
35,64,201.809459
35,65,223.272319
35,66,241.398759
35,67,311.898544
35,68,356.276265
35,69,411.653948
35,70,434.416703
35,71,394.786454
35,72,374.705555
35,73,317.004395
35,74,293.334849
35,75,282.245695
35,76,340.498106
35,77,381.009488
35,78,372.875050
35,79,467.095141
35,80,527.646237
35,81,476.485631
35,82,428.697296
35,83,417.147697
35,84,363.646835
35,85,370.010766
35,86,415.177715
35,87,430.348789
35,88,484.361728
35,89,527.054539
35,90,537.739709
35,91,502.772888
35,92,481.124733
35,93,495.048714
35,94,453.201978
35,95,441.019706
35,96,475.316853
35,97,471.957994
35,98,500.351250
35,99,601.486197
36,37,63.939377
36,38,114.590865
36,39,205.420892
36,40,467.360545
36,41,416.228205
36,42,305.284575
36,43,265.380543
36,44,177.153983
36,45,107.318306
36,46,29.157826
36,47,108.645185
36,48,142.854435
36,49,196.899564
36,50,504.594750
36,51,388.984256
36,52,339.212086
36,53,268.603801
36,54,160.396810
36,55,141.208181
36,56,107.219984
36,57,177.032877
36,58,161.361831
36,59,226.399420
36,60,499.937306
36,61,440.299432
36,62,379.504982
36,63,318.841755
36,64,229.239710
36,65,215.913403
36,66,180.591881
36,67,224.613873
36,68,253.224584
36,69,307.882134
36,70,505.518743
36,71,453.543300
36,72,425.543963
36,73,348.827114
36,74,302.418708
36,75,268.264026
36,76,282.753112
36,77,310.586926
36,78,284.608636
36,79,372.398921
36,80,588.234873
36,81,519.554898
36,82,462.316253
36,83,430.939326
36,84,351.848996
36,85,346.450021
36,86,358.113463
36,87,359.708043
36,88,404.542265
36,89,438.286282
36,90,581.687994
36,91,539.066782
36,92,502.866478
36,93,505.435646
36,94,445.609106
36,95,416.158015
36,96,433.407843
36,97,408.728812
36,98,426.775085
36,99,519.153664
37,38,51.223763
37,39,150.312242
37,40,525.628310
37,41,476.301782
37,42,367.326517
37,43,326.978629
37,44,237.528499
37,45,171.191751
37,46,75.418732
37,47,87.641014
37,48,125.352625
37,49,150.094055
37,50,566.712762
37,51,452.634382
37,52,403.131096
37,53,332.349326
37,54,223.743142
37,55,202.629923
37,56,144.713726
37,57,181.946214
37,58,150.904028
37,59,197.304137
37,60,563.794815
37,61,504.228132
37,62,443.389445
37,63,380.626821
37,64,290.424271
37,65,270.106978
37,66,214.395753
37,67,233.095304
37,68,239.139961
37,69,290.307306
37,70,569.387341
37,71,516.715552
37,72,487.960035
37,73,408.879773
37,74,358.235100
37,75,318.171365
37,76,311.297793
37,77,329.092600
37,78,288.443365
37,79,365.797521
37,80,651.314095
37,81,580.406575
37,82,521.710537
37,83,485.894142
37,84,400.027990
37,85,390.167012
37,86,384.106931
37,87,376.214359
37,88,412.230917
37,89,436.690197
37,90,642.449467
37,91,598.547841
37,92,559.227111
37,93,558.604027
37,94,493.524745
37,95,457.655639
37,96,466.240025
37,97,429.186042
37,98,439.124535
37,99,522.279696
38,39,105.947814
38,40,575.940391
38,41,527.164256
38,42,418.539881
38,43,378.161135
38,44,288.592030
38,45,221.881042
38,46,121.391556
38,47,92.129059
38,48,123.706267
38,49,115.059766
38,50,617.922076
38,51,503.567131
38,52,453.639851
38,53,381.953363
38,54,272.895648
38,55,250.026497
38,56,179.374627
38,57,191.640163
38,58,151.534001
38,59,176.849325
38,60,614.469483
38,61,554.669633
38,62,493.305789
38,63,427.558891
38,64,337.062932
38,65,311.219902
38,66,242.698238
38,67,242.130387
38,68,229.595988
38,69,275.715136
38,70,619.205690
38,71,565.172411
38,72,535.425684
38,73,453.971944
38,74,399.799066
38,75,355.417581
38,76,332.648637
38,77,342.355350
38,78,291.467462
38,79,358.253821
38,80,699.542541
38,81,625.946889
38,82,565.848816
38,83,526.029161
38,84,435.045370
38,85,421.753390
38,86,402.017899
38,87,386.877368
38,88,415.262620
38,89,431.887779
38,90,687.808385
38,91,642.619095
38,92,600.374133
38,93,596.875319
38,94,527.628187
38,95,486.804495
38,96,488.403679
38,97,442.049542
38,98,445.428417
38,99,520.156922
39,40,672.779590
39,41,621.295648
39,42,508.756213
39,43,469.592203
39,44,382.425540
39,45,307.420593
39,46,200.377965
39,47,121.065981
39,48,122.184332
39,49,38.011807
39,50,707.305793
39,51,586.478362
39,52,533.444862
39,53,457.576111
39,54,349.316298
39,55,321.181551
39,56,227.386231
39,57,188.557633
39,58,142.030762
39,59,113.113197
39,60,694.176634
39,61,633.014558
39,62,568.934927
39,63,491.252786
39,64,402.177088
39,65,361.393807
39,66,268.884595
39,67,228.460388
39,68,179.243322
39,69,209.622657
39,70,693.073522
39,71,632.764402
39,72,599.257239
39,73,510.763998
39,74,447.436653
39,75,393.434659
39,76,335.477924
39,77,327.202419
39,78,259.392818
39,79,300.015568
39,80,764.839565
39,81,681.415505
39,82,617.396459
39,83,566.192241
39,84,464.127572
39,85,442.917451
39,86,393.136620
39,87,363.449692
39,88,374.806303
39,89,375.496773
39,90,741.935086
39,91,692.851610
39,92,642.071875
39,93,630.395323
39,94,551.601680
39,95,499.784376
39,96,485.241467
39,97,420.532777
39,98,410.241180
39,99,466.033430
40,41,61.325609
40,42,176.212313
40,43,208.729650
40,44,290.738860
40,45,370.580036
40,46,475.395263
40,47,565.673672
40,48,589.658986
40,49,662.033797
40,50,102.909174
40,51,167.534193
40,52,211.007421
40,53,273.896794
40,54,348.585881
40,55,381.464764
40,56,484.724023
40,57,580.433474
40,58,595.264381
40,59,673.593719
40,60,193.857143
40,61,196.390534
40,62,224.841131
40,63,315.183767
40,64,345.420989
40,65,413.370745
40,66,507.556118
40,67,601.561879
40,68,672.449288
40,69,725.191055
40,70,244.288324
40,71,280.057734
40,72,302.942152
40,73,347.329684
40,74,399.626071
40,75,446.257108
40,76,567.062532
40,77,623.069581
40,78,654.086853
40,79,751.843764
40,80,344.117325
40,81,379.265495
40,82,385.837742
40,83,441.647955
40,84,481.001616
40,85,512.652309
40,86,620.086945
40,87,662.806507
40,88,729.779590
40,89,790.290444
40,90,414.934737
40,91,419.426013
40,92,454.603327
40,93,499.089842
40,94,523.940231
40,95,561.506942
40,96,629.284564
40,97,679.062986
40,98,727.994360
40,99,839.778439
41,42,117.259212
41,43,152.777984
41,44,239.112033
41,45,316.057346
41,46,422.212030
41,47,511.376486
41,48,533.890793
41,49,608.750856
41,50,104.329773
41,51,112.560840
41,52,151.003153
41,53,212.588143
41,54,290.138348
41,55,322.999728
41,56,427.054229
41,57,521.872363
41,58,538.322772
41,59,617.085122
41,60,168.194835
41,61,153.237221
41,62,169.621432
41,63,255.366804
41,64,284.227884
41,65,352.208424
41,66,447.407705
41,67,541.681542
41,68,613.780675
41,69,666.071094
41,70,213.044476
41,71,234.982473
41,72,252.692481
41,73,289.087964
41,74,339.095365
41,75,385.009040
41,76,505.763473
41,77,561.810677
41,78,593.588938
41,79,691.165174
41,80,318.183513
41,81,337.456254
41,82,336.355547
41,83,387.008793
41,84,421.247813
41,85,452.322481
41,86,558.898801
41,87,601.481016
41,88,668.460639
41,89,729.065487
41,90,379.242675
41,91,377.130934
41,92,405.701149
41,93,448.004536
41,94,467.501134
41,95,502.596271
41,96,569.475887
41,97,617.971941
41,98,666.722871
41,99,778.500825
42,43,41.040079
42,44,131.240901
42,45,201.603619
42,46,308.581507
42,47,396.223415
42,48,417.513911
42,49,494.335432
42,50,199.391906
42,51,101.287579
42,52,84.439215
42,53,107.581321
42,54,172.882348
42,55,205.749219
42,56,309.853281
42,57,404.662108
42,58,421.308675
42,59,500.222480
42,60,211.881399
42,61,162.813976
42,62,129.536990
42,63,170.990309
42,64,174.118531
42,65,240.995637
42,66,331.583351
42,67,425.399391
42,68,496.606083
42,69,549.092701
42,70,235.796837
42,71,218.289707
42,72,215.927737
42,73,212.619109
42,74,244.295993
42,75,280.618125
42,76,395.836147
42,77,450.894838
42,78,478.458489
42,79,576.498951
42,80,338.322291
42,81,317.967282
42,82,293.473550
42,83,321.902680
42,84,330.032810
42,85,356.577607
42,86,454.024506
42,87,492.772582
42,88,558.750609
42,89,617.384742
42,90,372.516606
42,91,353.314066
42,92,360.342322
42,93,393.445249
42,94,391.978611
42,95,414.660858
42,96,475.623392
42,97,514.046599
42,98,559.925856
42,99,671.267252
43,44,90.288718
43,45,163.341850
43,46,269.846048
43,47,358.617041
43,48,381.332108
43,49,456.176968
43,50,239.864440
43,51,139.172224
43,52,110.428342
43,53,103.184255
43,54,141.395879
43,55,174.044272
43,56,276.182644
43,57,372.537687
43,58,386.537190
43,59,464.951403
43,60,251.309210
43,61,199.652069
43,62,158.181754
43,63,176.612601
43,64,158.141007
43,65,221.495354
43,66,304.059819
43,67,396.435767
43,68,464.570398
43,69,517.904751
43,70,272.248519
43,71,247.493851
43,72,239.561480
43,73,220.151028
43,74,239.345389
43,75,267.184325
43,76,375.641521
43,77,429.281764
43,78,451.442762
43,79,549.881570
43,80,372.546852
43,81,343.433995
43,82,312.210186
43,83,331.049605
43,84,325.217398
43,85,348.321329
43,86,437.905879
43,87,473.076873
43,88,537.789186
43,89,594.246947
43,90,400.373341
43,91,376.808357
43,92,376.600146
43,93,405.578819
43,94,394.792690
43,95,410.451541
43,96,467.139792
43,97,498.252732
43,98,541.556548
43,99,652.085605
44,45,83.477928
44,46,184.841464
44,47,275.765145
44,48,301.974848
44,49,371.360103
44,50,329.979716
44,51,224.822853
44,52,184.655878
44,53,137.829544
44,54,93.345406
44,55,118.413624
44,56,206.075491
44,57,304.030347
44,58,310.804890
44,59,387.110288
44,60,337.851162
44,61,282.596867
44,62,231.280444
44,63,211.871815
44,64,151.820186
44,65,195.552107
44,66,250.157020
44,67,335.652041
44,68,394.799041
44,69,449.615427
44,70,353.445956
44,71,317.192929
44,72,300.340285
44,73,253.861965
44,74,245.916625
44,75,251.830615
44,76,337.651537
44,77,386.116469
44,78,394.424624
44,79,492.302294
44,80,448.560345
44,81,403.792180
44,82,361.084762
44,83,360.576392
44,84,325.681064
44,85,339.855707
44,86,407.729102
44,87,433.473441
44,88,493.908636
44,89,544.398940
44,90,464.035055
44,91,432.661216
44,92,418.497047
44,93,438.378029
44,94,408.634220
44,95,408.488204
44,96,453.831774
44,97,467.322347
44,98,503.731986
44,99,610.789952
45,46,107.064896
45,47,195.342497
45,48,219.505360
45,49,292.885675
45,50,399.890098
45,51,281.817940
45,52,231.963718
45,53,163.125548
45,54,60.298971
45,55,59.129650
45,56,123.491786
45,57,221.178939
45,58,227.448970
45,59,304.264606
45,60,392.619897
45,61,333.082551
45,62,272.965906
45,63,220.712096
45,64,136.239728
45,65,149.745536
45,66,175.052217
45,67,255.104695
45,68,311.514411
45,69,366.462298
45,70,398.983401
45,71,349.687554
45,72,324.236853
45,73,255.726568
45,74,223.623551
45,75,208.645480
45,76,270.471178
45,77,314.236835
45,78,314.937312
45,79,411.965734
45,80,484.368138
45,81,422.159849
45,82,369.331381
45,83,350.036161
45,84,290.680868
45,85,296.191439
45,86,344.153587
45,87,362.989047
45,88,420.087371
45,89,467.087668
45,90,484.183065
45,91,445.126592
45,92,417.153184
45,93,427.393016
45,94,381.246198
45,95,367.250550
45,96,401.812623
45,97,401.963159
45,98,433.358751
45,99,537.421406
46,47,91.652622
46,48,122.094215
46,49,186.672917
46,50,506.930726
46,51,387.169524
46,52,335.370053
46,53,261.788344
46,54,152.483529
46,55,128.637167
46,56,78.848921
46,57,149.480174
46,58,137.656766
46,59,207.264754
46,60,496.456862
46,61,435.941487
46,62,373.441784
46,63,306.271784
46,64,215.832954
46,65,195.259343
46,66,152.198607
46,67,196.187915
46,68,228.870655
46,69,283.983301
46,70,499.037987
46,71,443.888336
46,72,414.050824
46,73,333.661470
46,74,283.090247
46,75,245.151743
46,76,254.017844
46,77,281.429685
46,78,256.494091
46,79,345.628909
46,80,578.184426
46,81,505.368358
46,82,446.338270
46,83,411.049199
46,84,328.076516
46,85,320.943807
46,86,329.248746
46,87,330.561186
46,88,375.785720
46,89,410.525078
46,90,567.358945
46,91,523.175752
46,92,484.057977
46,93,484.410002
46,94,421.838221
46,95,390.065970
46,96,405.420064
46,97,379.610226
46,98,397.720062
46,99,490.706253
47,48,37.886764
47,49,98.967323
47,50,592.750876
47,51,468.818211
47,52,414.788488
47,53,337.996328
47,54,230.979016
47,55,201.543383
47,56,106.680826
47,57,99.717563
47,58,63.481169
47,59,117.844636
47,60,574.941528
47,61,513.525921
47,62,448.927079
47,63,370.196235
47,64,281.167329
47,65,241.577871
47,66,157.239715
47,67,150.593850
47,68,152.059439
47,69,204.485987
47,70,572.509437
47,71,511.711273
47,72,478.242090
47,73,390.326958
47,74,328.748829
47,75,277.703129
47,76,241.578334
47,77,250.312837
47,78,202.701581
47,79,278.167314
47,80,643.819461
47,81,561.522783
47,82,498.257586
47,83,450.590175
47,84,353.141737
47,85,336.351575
47,86,310.013112
47,87,295.316842
47,88,326.824329
47,89,349.193430
47,90,622.412875
47,91,574.216453
47,92,526.126233
47,93,517.949128
47,94,443.942024
47,95,398.992630
47,96,397.135831
47,97,350.141414
47,98,355.412533
47,99,435.312962
48,49,90.753503
48,50,611.437418
48,51,484.614302
48,52,429.400703
48,53,351.406849
48,54,247.856867
48,55,216.521815
48,56,113.720772
48,57,71.654562
48,58,27.842913
48,59,85.509115
48,60,587.913774
48,61,526.206764
48,62,460.703322
48,63,376.347723
48,64,289.759709
48,65,242.691116
48,66,146.723507
48,67,119.862816
48,68,114.190968
48,69,166.983295
48,70,582.222266
48,71,518.481987
48,72,483.299301
48,73,392.555444
48,74,326.959860
48,75,271.610639
48,76,219.043731
48,77,221.089679
48,78,167.848154
48,79,240.487041
48,80,648.591518
48,81,561.799946
48,82,496.973161
48,83,444.163080
48,84,342.093851
48,85,321.796719
48,86,283.472032
48,87,264.066606
48,88,291.819223
48,89,311.987057
48,90,621.766311
48,91,571.920592
48,92,520.070492
48,93,508.277595
48,94,430.355889
48,95,380.924070
48,96,372.998762
48,97,319.897428
48,98,321.724370
48,99,398.725726
49,50,691.463319
49,51,567.773691
49,52,513.628312
49,53,436.575021
49,54,329.930860
49,55,300.247305
49,56,201.630198
49,57,153.018379
49,58,107.202465
49,59,76.683412
49,60,673.551823
49,61,612.045408
49,62,547.162057
49,63,465.711891
49,64,377.905633
49,65,333.178943
49,66,236.599804
49,67,191.103546
49,68,141.994657
49,69,175.562599
49,70,670.062417
49,71,607.726555
49,72,573.136524
49,73,483.015556
49,74,417.711477
49,75,361.946190
49,76,298.862660
49,77,289.350465
49,78,221.429799
49,79,264.931306
49,80,738.593810
49,81,652.532481
49,82,587.719458
49,83,534.109334
49,84,430.407466
49,85,408.027227
49,86,355.430760
49,87,325.440891
49,88,337.582995
49,89,340.412352
49,90,712.519018
49,91,662.593109
49,92,610.039815
49,93,596.817425
49,94,516.703306
49,95,463.601581
49,96,447.692534
49,97,382.523839
49,98,372.688849
49,99,430.817930
50,51,133.576231
50,52,189.950677
50,53,266.934557
50,54,363.608351
50,55,395.415042
50,56,500.197270
50,57,590.203885
50,58,612.402828
50,59,691.761183
50,60,100.437460
50,61,127.564296
50,62,180.553566
50,63,283.012019
50,64,338.363458
50,65,404.548755
50,66,508.317755
50,67,602.962965
50,68,680.649370
50,69,730.346997
50,70,152.839582
50,71,205.620394
50,72,237.569003
50,73,304.607430
50,74,369.133896
50,75,424.752518
50,76,550.661205
50,77,607.520628
50,78,649.685563
50,79,744.608458
50,80,245.409016
50,81,295.288716
50,82,314.955236
50,83,381.986274
50,84,441.968453
50,85,477.217874
50,86,593.567340
50,87,642.022472
50,88,709.900444
50,89,774.047113
50,90,322.879073
50,91,335.175654
50,92,380.649643
50,93,428.847709
50,94,468.273705
50,95,515.798711
50,96,587.901869
50,97,649.818677
50,98,702.608253
50,99,813.667369
51,52,56.763828
51,53,135.001426
51,54,237.843047
51,55,268.191059
51,56,371.821810
51,57,459.082535
51,58,483.601148
51,59,562.830178
51,60,113.030509
51,61,61.770697
51,62,57.397476
51,63,152.728853
51,64,205.320638
51,65,271.046585
51,66,375.567121
51,67,470.017705
51,68,548.746595
51,69,597.711691
51,70,134.726297
51,71,129.567585
51,72,141.325984
51,73,180.835830
51,74,239.036667
51,75,292.278933
51,76,417.672035
51,77,474.514749
51,78,516.153840
51,79,611.050127
51,80,238.669719
51,81,233.162805
51,82,224.925716
51,83,274.752911
51,84,316.645469
51,85,350.068012
51,86,463.114554
51,87,510.063515
51,88,577.863702
51,89,641.383882
51,90,281.890924
51,91,271.593638
51,92,294.333628
51,93,335.670727
51,94,356.414879
51,95,395.258536
51,96,464.587020
51,97,520.510974
51,98,572.059197
51,99,683.563130
52,53,78.561908
52,54,184.134955
52,55,213.453334
52,56,316.212307
52,57,402.516490
52,58,427.686405
52,59,506.813531
52,60,161.087783
52,61,101.134142
52,62,47.921883
52,63,104.363820
52,64,148.581380
52,65,214.635278
52,66,318.806890
52,67,413.282326
52,68,492.025558
52,69,540.950141
52,70,169.370190
52,71,137.079883
52,72,131.544695
52,73,139.775223
52,74,188.782549
52,75,238.539034
52,76,362.905942
52,77,419.664134
52,78,459.781626
52,79,555.064567
52,80,264.571407
52,81,234.225882
52,82,209.586644
52,83,244.169226
52,84,270.246245
52,85,301.651486
52,86,411.074194
52,87,456.427259
52,88,524.061839
52,89,586.846011
52,90,290.179469
52,91,269.031742
52,92,277.203027
52,93,312.565450
52,94,320.098448
52,95,351.880900
52,96,418.487307
52,97,469.348325
52,98,519.693038
52,99,631.419708
53,54,109.305380
53,55,136.487023
53,56,237.975939
53,57,324.082155
53,58,349.217365
53,59,428.296072
53,60,236.976964
53,61,175.534467
53,62,111.703271
53,63,76.692006
53,64,72.518667
53,65,140.354156
53,66,241.452562
53,67,336.183471
53,68,413.924100
53,69,463.415601
53,70,237.300862
53,71,186.979281
53,72,164.690165
53,73,120.324784
53,74,137.585052
53,75,173.964407
53,76,293.178985
53,77,349.308550
53,78,384.510301
53,79,480.966067
53,80,321.461817
53,81,266.884117
53,82,223.467789
53,83,230.720297
53,84,223.607030
53,85,249.125025
53,86,347.927650
53,87,389.028747
53,88,455.892392
53,89,516.640369
53,90,327.837856
53,91,294.905530
53,92,282.788805
53,93,306.985977
53,94,291.675673
53,95,308.664861
53,96,368.212656
53,97,407.647083
53,98,454.911538
53,99,566.583981
54,55,32.884301
54,56,137.394873
54,57,231.861172
54,58,249.426418
54,59,328.683265
54,60,344.929591
54,61,283.980957
54,62,220.978162
54,63,160.898206
54,64,76.283450
54,65,103.300030
54,66,163.975886
54,67,255.203001
54,68,323.865058
54,69,376.770367
54,70,346.569953
54,71,293.148946
54,72,265.837938
54,73,195.427829
54,74,166.572481
54,75,161.150117
54,76,245.381466
54,77,295.507153
54,78,311.097792
54,79,409.600074
54,80,427.853233
54,81,362.458980
54,82,309.051991
54,83,291.155577
54,84,239.327348
54,85,249.719701
54,86,314.544166
54,87,341.956463
54,88,403.920589
54,89,457.113174
54,90,424.552053
54,91,384.930875
54,92,357.241801
54,93,368.853223
54,94,327.155020
54,95,319.671414
54,96,361.578026
54,97,374.292753
54,98,411.952255
54,99,520.183397
55,56,104.937369
55,57,198.977355
55,58,217.123262
55,59,296.452743
55,60,373.399435
55,61,312.018990
55,62,247.759506
55,63,178.000357
55,64,88.038374
55,65,90.618166
55,66,133.150667
55,67,223.017873
55,68,290.984634
55,69,343.954634
55,70,372.341160
55,71,315.389191
55,72,285.483214
55,73,207.826715
55,74,167.481455
55,75,149.521093
55,76,219.728878
55,77,267.709668
55,78,279.643115
55,79,378.092966
55,80,449.572231
55,81,378.353580
55,82,321.541541
55,83,295.423943
55,84,231.698087
55,85,237.220766
55,86,291.215185
55,87,315.119161
55,88,375.618671
55,89,427.217707
55,90,440.482667
55,91,398.180272
55,92,364.895092
55,93,372.013145
55,94,322.763165
55,95,308.215257
55,96,344.431099
55,97,350.227365
55,98,385.424974
55,99,492.408549
56,57,97.979006
56,58,112.215944
56,59,191.569002
56,60,474.240373
56,61,412.519330
56,62,346.982702
56,63,264.239468
56,64,176.386863
56,65,135.279852
56,66,73.388774
56,67,133.218031
56,68,189.321398
56,69,243.753545
56,70,468.783048
56,71,406.148541
56,72,372.003929
56,73,283.647260
56,74,223.187374
56,75,176.063920
56,76,175.654976
56,77,206.769770
56,78,193.994384
56,79,289.575776
56,80,537.576271
56,81,454.951535
56,82,392.081796
56,83,347.458969
56,84,256.177149
56,85,245.457195
56,86,251.197025
56,87,256.320794
56,88,306.485243
56,89,347.974766
56,90,515.978460
56,91,468.298102
56,92,422.390358
56,93,417.544645
56,94,349.324299
56,95,313.317103
56,96,326.594694
56,97,303.115923
56,98,325.088849
56,99,423.195128
57,58,46.780690
57,59,110.683409
57,60,555.774707
57,61,494.206783
57,62,427.973234
57,63,335.489106
57,64,255.730717
57,65,198.144134
57,66,91.245881
57,67,51.260946
57,68,92.040941
57,69,145.874190
57,70,544.386244
57,71,476.418619
57,72,438.926089
57,73,345.175908
57,74,275.018628
57,75,215.162489
57,76,147.934875
57,77,150.742534
57,78,108.180272
57,79,196.622179
57,80,602.321124
57,81,509.684696
57,82,443.283002
57,83,384.555898
57,84,278.465134
57,85,255.066778
57,86,211.984292
57,87,195.688438
57,88,230.799713
57,89,261.256885
57,90,568.032798
57,91,516.361418
57,92,460.333357
57,93,444.787314
57,94,363.718019
57,95,311.324668
57,96,301.359112
57,97,250.439585
57,98,257.201150
57,99,343.213902
58,59,79.358750
58,60,584.371140
58,61,522.616476
58,62,456.662524
58,63,368.591097
58,64,284.484045
58,65,232.639474
58,66,130.773202
58,67,92.610240
58,68,91.927347
58,69,146.561244
58,70,576.234198
58,71,510.535320
58,72,474.255803
58,73,381.947078
58,74,314.045356
58,75,256.339765
58,76,194.637940
58,77,193.956698
58,78,140.128456
58,79,215.346384
58,80,638.900616
58,81,549.246666
58,82,483.572733
58,83,427.667501
58,84,323.238057
58,85,301.021682
58,86,257.099117
58,87,236.409369
58,88,264.177241
58,89,285.789756
58,90,608.470357
58,91,557.663425
58,92,503.578402
58,93,489.653495
58,94,409.715598
58,95,358.055417
58,96,347.380811
58,97,292.397777
58,98,293.894718
58,99,371.859167
59,60,662.858533
59,61,601.127344
59,62,535.050367
59,63,445.018253
59,64,362.642577
59,65,308.007410
59,66,201.915808
59,67,132.367305
59,68,66.653043
59,69,100.447244
59,70,653.467735
59,71,586.452144
59,72,549.306040
59,73,455.788608
59,74,385.648571
59,75,325.298915
59,76,241.843636
59,77,222.856848
59,78,149.848042
59,79,188.499526
59,80,712.960499
59,81,620.082855
59,82,553.460784
59,83,492.676294
59,84,384.351981
59,85,357.581350
59,86,289.893340
59,87,254.441302
59,88,261.845482
59,89,263.922257
59,90,678.060584
59,91,625.929850
59,92,568.102163
59,93,549.614616
59,94,465.046424
59,95,406.692038
59,96,382.874184
59,97,311.300726
59,98,297.739767
59,99,354.245481
60,61,61.757400
60,62,127.848056
60,63,225.636114
60,64,300.304005
60,65,360.132587
60,66,468.089343
60,67,560.413740
60,68,642.583290
60,69,688.541245
60,70,52.402134
60,71,114.093156
60,72,151.935434
60,73,235.018491
60,74,306.625915
60,75,367.559207
60,76,493.564297
60,77,549.780971
60,78,600.806721
60,79,691.542782
60,80,151.111797
60,81,195.571147
60,82,221.443000
60,83,294.514060
60,84,368.854036
60,85,406.005008
60,86,526.891960
60,87,579.160868
60,88,646.676632
60,89,712.940992
60,90,222.945678
60,91,235.214032
60,92,284.272118
60,93,333.861430
60,94,381.770686
60,95,435.587512
60,96,509.669500
60,97,579.949390
60,98,635.027107
60,99,744.206472
61,62,66.240913
61,63,166.350065
61,64,238.627605
61,65,299.146245
61,66,406.872294
61,67,499.602459
61,68,581.359343
61,69,627.779589
61,70,72.994764
61,71,83.674153
61,72,110.648408
61,73,180.678732
61,74,249.694272
61,75,309.210184
61,76,435.618401
61,77,492.157881
61,78,541.089375
61,79,632.883006
61,80,177.329406
61,81,184.429749
61,82,191.015077
61,83,254.664260
61,84,317.248161
61,85,353.464888
61,86,472.486756
61,87,523.321959
61,88,591.091373
61,89,656.682439
61,90,227.042416
61,91,224.310780
61,92,258.969283
61,93,305.049473
61,94,340.742595
61,95,388.912075
61,96,461.650941
61,97,527.132558
61,98,581.223016
61,99,691.416282
62,63,103.088324
62,64,172.458236
62,65,233.155436
62,66,340.711721
62,67,433.662046
62,68,515.182319
62,69,561.847927
62,70,126.033874
62,71,89.386028
62,72,88.946600
62,73,125.445139
62,74,188.734143
62,75,245.962669
62,76,372.406166
62,77,429.165626
62,78,475.999099
62,79,568.689333
62,80,217.312279
62,81,188.649624
62,82,171.090759
62,83,217.431362
62,84,262.487194
62,85,297.063778
62,86,413.075264
62,87,462.156900
62,88,530.041046
62,89,594.821661
62,90,243.152765
62,91,224.836256
62,92,240.192931
62,93,279.741282
62,94,299.112120
62,95,339.374768
62,96,409.730387
62,97,469.287961
62,98,522.106315
62,99,633.115360
63,64,90.526303
63,65,137.396603
63,66,245.526531
63,67,335.901242
63,68,419.339219
63,69,463.749690
63,70,209.074650
63,71,142.139528
63,72,108.312823
63,73,43.782530
63,74,86.384653
63,75,143.058239
63,76,269.540826
63,77,326.230443
63,78,375.171131
63,79,466.533073
63,80,273.729601
63,81,201.562471
63,82,150.584599
63,83,154.629950
63,84,165.887940
63,85,197.844083
63,86,310.775982
63,87,359.152741
63,88,427.040482
63,89,491.733338
63,90,263.667853
63,91,225.048140
63,92,206.782260
63,93,230.376736
63,94,220.989471
63,95,247.895631
63,96,314.147385
63,97,367.827246
63,98,419.805548
63,99,531.127812
64,65,68.012545
64,66,170.295132
64,67,264.701025
64,68,344.051629
64,69,392.433664
64,70,292.463868
64,71,230.671845
64,72,198.686695
64,73,120.354059
64,74,94.279444
64,75,109.130734
64,76,222.089073
64,77,277.739786
64,78,312.086885
64,79,408.447403
64,80,363.752414
64,81,290.316284
64,82,234.233390
64,83,215.346941
64,84,174.851522
64,85,192.907494
64,86,280.514938
64,87,318.746304
64,88,385.037653
64,89,444.875941
64,90,352.448345
64,91,310.645341
64,92,280.977870
64,93,293.241589
64,94,256.973921
64,95,258.988683
64,96,310.644764
64,97,340.750714
64,98,385.832682
64,99,497.149325
65,66,108.290247
65,67,200.510262
65,68,282.598240
65,69,328.695230
65,70,346.430291
65,71,278.444737
65,72,241.643656
65,73,149.864396
65,74,88.583698
65,75,58.987014
65,76,154.881329
65,77,210.025495
65,78,245.146477
65,79,340.843210
65,80,406.342071
65,81,320.052804
65,82,256.803237
65,83,215.811106
65,84,141.420310
65,85,147.238420
65,86,217.071336
65,87,252.053328
65,88,317.757987
65,89,376.985577
65,90,380.835433
65,91,333.053385
65,92,289.338272
65,93,289.542859
65,94,233.549552
65,95,217.938382
65,96,258.391445
65,97,277.425872
65,98,320.104538
65,99,430.906800
66,67,94.798636
66,68,174.496447
66,69,222.146299
66,70,454.601158
66,71,385.704186
66,72,347.885051
66,73,253.949807
66,74,184.018546
66,75,125.581565
66,76,102.756523
66,77,139.695256
66,78,147.383716
66,79,245.846076
66,80,511.078244
66,81,419.021040
66,82,353.006784
66,83,297.541498
66,84,196.279557
66,85,179.446228
66,86,178.524468
66,87,188.954054
66,88,245.075409
66,89,294.297959
66,90,477.883462
66,91,426.896970
66,92,373.467960
66,93,361.965416
66,94,286.709399
66,95,244.281459
66,96,253.455048
66,97,232.250607
66,98,259.048394
66,99,362.393002
67,68,85.655879
67,69,128.185891
67,70,544.327303
67,71,473.299302
67,72,434.123109
67,73,339.047500
67,74,265.879868
67,75,202.991029
67,76,109.657105
67,77,101.350534
67,78,61.054240
67,79,156.867170
67,80,594.043253
67,81,496.239891
67,82,428.823514
67,83,363.759388
67,84,253.841630
67,85,225.628725
67,86,165.333730
67,87,144.766010
67,88,180.547330
67,89,215.563553
67,90,552.357062
67,91,499.053798
67,92,438.499515
67,93,418.007013
67,94,332.727573
67,95,274.839060
67,96,256.866038
67,97,200.125169
67,98,206.033849
67,99,294.545485
68,69,55.409640
68,70,628.248184
68,71,557.981682
68,72,519.121173
68,73,424.162664
68,74,351.297315
68,75,288.564594
68,76,188.650830
68,77,161.165438
68,78,85.012825
68,79,128.658385
68,80,679.601395
68,81,581.821804
68,82,514.358469
68,83,448.251775
68,84,337.601458
68,85,307.484394
68,86,228.045387
68,87,189.030785
68,88,195.602387
68,89,202.760104
68,90,637.671088
68,91,584.133463
68,92,522.474038
68,93,499.873616
68,94,412.467478
68,95,350.462085
68,96,320.823928
68,97,245.578197
68,98,231.141613
68,99,292.091280
69,70,671.718855
69,71,599.913660
69,72,560.234568
69,73,465.091016
69,74,391.263754
69,75,327.917945
69,76,215.905402
69,77,175.777555
69,78,99.410106
69,79,91.193563
69,80,717.828624
69,81,616.900517
69,82,549.210753
69,83,479.062001
69,84,367.631141
69,85,334.527193
69,86,238.782250
69,87,189.879908
69,88,176.715571
69,89,166.310419
69,90,670.710779
69,91,616.259810
69,92,551.463313
69,93,524.687126
69,94,434.778475
69,95,368.598230
69,96,328.492488
69,97,242.556616
69,98,215.556955
69,99,256.843229
70,71,75.924072
70,72,117.045702
70,73,208.967060
70,74,282.865778
70,75,345.679975
70,76,469.622372
70,77,524.829349
70,78,580.633718
70,79,668.230465
70,80,106.441874
70,81,143.951306
70,82,175.739112
70,83,252.761105
70,84,336.387353
70,85,374.246691
70,86,496.672191
70,87,550.841597
70,88,617.654736
70,89,684.790671
70,90,171.034257
70,91,183.273381
70,92,235.357197
70,93,285.805848
70,94,339.724283
70,95,397.436425
70,96,472.231659
70,97,547.320409
70,98,603.446070
70,99,710.945541
71,72,41.220445
71,73,135.118903
71,74,209.262849
71,75,272.513264
71,76,395.105122
71,77,449.890810
71,78,507.380096
71,79,593.626626
71,80,134.744052
71,81,103.654528
71,82,109.335399
71,83,180.435500
71,84,260.465238
71,85,298.324115
71,86,420.788210
71,87,475.137477
71,88,541.839157
71,89,609.057875
71,90,154.347652
71,91,142.581149
71,92,175.924106
71,93,223.293268
71,94,267.700685
71,95,322.849552
71,96,397.399264
71,97,471.444648
71,98,527.526801
71,99,635.161377
72,73,95.150997
72,74,169.093836
72,75,232.453206
72,76,354.240165
72,77,408.847164
72,78,467.044246
72,79,552.684959
72,80,165.582874
72,81,104.267679
72,82,83.688500
72,83,144.520805
72,84,219.461685
72,85,257.252746
72,86,379.626498
72,87,433.917398
72,88,500.637380
72,89,567.839974
72,90,163.696567
72,91,137.555943
72,92,153.086191
72,93,196.148657
72,94,231.283120
72,95,283.660396
72,96,357.856393
72,97,430.573443
72,98,486.521061
72,99,594.437416
73,74,74.146271
73,75,137.416156
73,76,260.677859
73,77,316.117562
73,78,372.266452
73,79,459.284187
73,80,257.188837
73,81,172.064059
73,82,113.879789
73,83,110.922446
73,84,137.370784
73,85,172.916993
73,86,292.146072
73,87,344.164428
73,88,411.658339
73,89,478.004453
73,90,233.837433
73,91,190.368392
73,92,164.859974
73,93,186.661851
73,94,180.624066
73,95,214.430481
73,96,284.285359
73,97,346.455349
73,98,400.682569
73,99,510.738458
74,75,63.369279
74,76,187.212957
74,77,243.187595
74,78,298.120191
74,79,385.692909
74,80,328.453048
74,81,235.202497
74,82,170.032985
74,83,128.625196
74,84,86.035201
74,85,113.425897
74,86,224.462673
74,87,273.748747
74,88,341.588013
74,89,406.988284
74,90,294.809160
74,91,245.516734
74,92,200.992014
74,93,204.562697
74,94,162.728721
74,95,171.188833
74,96,231.853481
74,97,281.474721
74,98,333.505125
74,99,444.759101
75,76,126.482743
75,77,183.204086
75,78,234.988233
75,79,323.984211
75,80,391.052438
75,81,294.868612
75,82,228.170660
75,83,172.994129
75,84,84.046168
75,85,88.581432
75,86,174.056002
75,87,217.918258
75,88,285.637991
75,89,349.294600
75,90,352.872255
75,91,301.413745
75,92,248.744703
75,93,241.484153
75,94,177.528248
75,95,158.999980
75,96,202.828210
75,97,233.682698
75,98,281.761645
75,99,393.556686
76,77,56.859425
76,78,117.135330
76,79,198.608535
76,80,505.835956
76,81,402.361141
76,82,334.746053
76,83,263.170799
76,84,151.740412
76,85,119.271673
76,86,75.793907
76,87,97.454942
76,88,162.955122
76,89,223.971670
76,90,455.092004
76,91,400.463317
76,92,335.787964
76,93,311.317169
76,94,224.050396
76,95,165.262250
76,96,155.772807
76,97,131.546288
76,98,166.754387
76,99,276.478425
77,78,78.095175
77,79,144.267812
77,80,557.322749
77,81,451.824218
77,82,384.605140
77,83,309.648999
77,84,199.433114
77,85,163.462994
77,86,67.080355
77,87,49.585834
77,88,108.634249
77,89,167.390689
77,90,502.260272
77,91,447.064501
77,92,379.436138
77,93,349.960672
77,94,259.379733
77,95,192.871619
77,96,160.066388
77,97,100.151449
77,98,119.356250
77,99,224.749134
78,79,98.503581
78,80,621.804008
78,81,519.282773
78,82,451.621720
78,83,380.181931
78,84,268.783994
78,85,235.215039
78,86,144.020015
78,87,104.607523
78,88,124.130071
78,89,154.535480
78,90,572.224153
78,91,517.553890
78,92,452.189821
78,93,425.349510
78,94,335.711103
78,95,270.537049
78,96,236.363054
78,97,161.556293
78,98,154.434550
78,99,235.034180
79,80,701.356719
79,81,595.144805
79,82,528.209029
79,83,451.818037
79,84,342.874100
79,85,306.041418
79,86,191.031258
79,87,133.603394
79,88,95.308174
79,89,75.501163
79,90,644.109527
79,91,588.685471
79,92,519.200640
79,93,485.687969
79,94,393.933944
79,95,323.484744
79,96,269.776281
79,97,174.751582
79,98,134.793716
79,99,166.017935
80,81,110.843376
80,82,174.179041
80,83,254.663702
80,84,358.801371
80,85,396.319225
80,86,517.793679
80,87,575.069831
80,88,638.764508
80,89,706.791081
80,90,93.965765
80,91,135.114863
80,92,206.854463
80,93,257.161369
80,94,333.240520
80,95,400.684673
80,96,474.666902
80,97,560.972002
80,98,618.519458
80,99,719.747326
81,82,67.690915
81,83,144.914127
81,84,252.405293
81,85,289.147082
81,86,409.191687
81,87,466.898502
81,88,529.612912
81,89,597.615169
81,90,62.153287
81,91,40.197869
81,92,98.722725
81,93,150.157787
81,94,222.447392
81,95,289.969989
81,96,363.834636
81,97,450.824567
81,98,508.418429
81,99,608.978828
82,83,81.686948
82,84,185.334963
82,85,222.489597
82,86,343.620409
82,87,400.973631
82,88,464.605719
82,89,532.630330
82,90,124.898368
82,91,76.837650
82,92,69.410723
82,93,114.121118
82,94,165.951452
82,95,229.136186
82,96,303.970590
82,97,387.441018
82,98,444.887254
82,99,547.758724
83,84,111.431667
83,85,146.188034
83,86,264.459209
83,87,322.335999
83,88,384.701908
83,89,452.701558
83,90,192.611932
83,91,137.512150
83,92,75.930607
83,93,78.043524
83,94,87.268821
83,95,147.481753
83,96,222.386555
83,97,306.315007
83,98,363.855925
83,99,466.103957
84,85,38.094921
84,86,160.967406
84,87,217.000505
84,88,282.439148
84,89,350.172668
84,90,303.576099
84,91,248.778104
84,92,184.872862
84,93,166.415863
84,94,93.783606
84,95,85.237311
84,96,148.283006
84,97,211.246078
84,98,267.065418
84,99,375.389686
85,86,122.873210
85,87,179.050318
85,88,244.345068
85,89,312.092480
85,90,338.797836
85,91,283.615525
85,92,216.980804
85,93,192.510784
85,94,108.694067
85,95,71.206194
85,96,119.099183
85,97,173.958259
85,98,229.327383
85,99,338.262453
86,87,58.218801
86,88,121.496794
86,89,189.354385
86,90,455.330809
86,91,399.814284
86,92,329.071900
86,93,294.656768
86,94,202.907944
86,95,132.840179
86,96,92.990501
86,97,60.370226
86,98,109.043472
86,99,220.459514
87,88,67.887761
87,89,133.968879
87,90,513.496636
87,91,457.981308
87,92,387.284737
87,93,352.408086
87,94,260.631098
87,95,189.922979
87,96,139.448666
87,97,57.083131
87,98,70.417658
87,99,179.023710
88,89,68.027173
88,90,573.883135
88,91,518.445962
88,92,446.347589
88,93,408.167648
88,94,317.033551
88,95,245.458706
88,96,182.878419
88,97,85.350669
88,98,39.620766
88,99,117.341767
89,90,641.556495
89,91,586.157653
89,92,513.814127
89,93,474.800416
89,94,384.063950
89,95,312.534030
89,96,247.252691
89,97,150.490628
89,98,95.370704
89,99,90.558524
90,91,55.516568
90,92,128.435472
90,93,174.207748
90,94,259.156901
90,95,329.837565
90,96,401.100457
90,97,492.513063
90,98,549.978184
90,99,646.114084
91,92,74.085341
91,93,122.599548
91,94,204.430838
91,95,274.733687
91,96,346.575758
91,97,437.304596
91,98,494.815201
91,99,591.841481
92,93,51.524063
92,94,130.725078
92,95,201.604956
92,96,272.705001
92,97,364.349207
92,98,421.736841
92,99,517.860284
93,94,91.777284
93,95,162.981814
93,96,229.790735
93,97,324.409810
93,98,381.146984
93,99,473.364020
94,95,71.574919
94,96,142.189649
94,97,234.054629
94,98,291.269583
94,99,387.563683
95,96,75.025889
95,97,162.747382
95,98,220.147928
95,99,319.085955
96,97,97.531013
96,98,152.335722
96,99,245.399850
97,98,57.607904
97,99,164.324369
98,99,111.796282
